"[12.7, 23.6, 227.2]"

"[12.7, 23.0, 227.0]"
"[12.7, 22.5, 227.0]","[20.7, 36.3, 227.4]","[27.5, 20.9, 226.8]"
"[12.7, 22.5, 226.6]"
"[12.7, 21.9, 226.4]","[26.9, 22.5, 226.6]"
"[13.2, 21.9, 226.4]","[20.5, 35.0, 225.5]","[25.9, 22.5, 226.8]"
"[12.7, 21.9, 226.8]","[20.5, 34.5, 225.8]","[26.9, 21.3, 225.8]"
"[12.7, 21.9, 226.6]","[20.6, 34.6, 226.4]","[26.9, 21.3, 226.0]"
"[12.7, 21.9, 226.2]","[20.4, 34.3, 224.7]","[27.5, 21.4, 226.8]"
"[12.7, 21.9, 226.6]","[20.5, 34.4, 225.1]","[27.5, 20.9, 226.6]"
"[12.7, 22.0, 227.2]","[20.5, 33.8, 224.9]","[28.0, 20.9, 226.6]"
"[12.7, 21.9, 226.6]","[20.5, 34.4, 225.1]","[28.0, 20.9, 226.8]"
"[13.2, 21.9, 226.6]","[20.5, 34.4, 225.3]","[27.4, 20.8, 226.0]"
"[13.2, 21.4, 227.0]","[20.4, 34.3, 224.3]","[27.5, 20.8, 226.4]"
"[13.2, 21.4, 226.4]","[21.0, 33.8, 224.9]","[27.4, 20.8, 226.2]"
"[13.2, 21.4, 226.8]","[21.0, 33.9, 225.1]","[27.5, 20.9, 227.0]"
"[13.2, 21.9, 226.6]","[21.0, 33.9, 225.1]","[27.4, 20.8, 226.0]"
"[13.2, 21.9, 226.6]","[20.4, 34.3, 224.5]","[27.5, 20.9, 226.6]"
"[13.2, 21.9, 226.6]","[21.0, 34.3, 224.9]","[27.4, 20.8, 226.0]"
"[13.2, 21.9, 226.6]","[21.0, 34.4, 225.1]","[27.4, 20.8, 225.8]"
"[13.2, 21.9, 226.4]","[21.0, 33.9, 225.3]","[27.4, 20.8, 226.2]"
"[13.2, 21.4, 226.6]","[21.0, 34.4, 225.3]","[27.5, 20.8, 226.4]"
"[13.2, 21.4, 226.4]","[21.0, 34.4, 225.3]","[27.9, 20.8, 226.0]"
"[13.2, 21.4, 226.4]","[21.0, 33.8, 224.9]","[28.0, 20.9, 226.8]"
"[13.2, 21.4, 227.2]","[21.0, 34.4, 225.1]","[28.0, 20.9, 226.6]"
"[13.2, 21.9, 226.4]","[21.1, 34.0, 225.8]","[28.0, 20.9, 226.6]"
"[13.2, 21.9, 226.4]","[21.1, 34.0, 225.8]","[28.0, 20.9, 226.6]"
"[13.2, 21.9, 226.4]","[21.0, 34.4, 225.5]","[27.9, 20.8, 225.8]"
"[13.7, 21.9, 226.8]","[20.9, 34.3, 224.5]","[28.0, 20.8, 226.2]"
"[13.2, 21.9, 226.2]","[21.0, 34.3, 224.7]","[28.0, 20.9, 226.6]"
"[13.2, 21.9, 226.4]","[21.0, 33.8, 224.7]","[28.0, 20.8, 226.4]"
"[13.2, 21.9, 226.4]","[21.0, 34.4, 225.3]","[28.0, 20.9, 226.6]"
"[13.2, 21.9, 226.8]","[21.0, 34.3, 224.7]","[28.0, 20.8, 226.4]"
"[13.7, 21.9, 226.8]","[21.0, 33.8, 224.7]","[28.5, 20.9, 226.6]"
"[13.8, 22.0, 227.0]","[21.0, 33.8, 224.7]","[28.5, 20.8, 226.2]"
"[13.7, 21.9, 226.4]","[21.0, 34.4, 225.1]","[28.0, 20.9, 226.6]"
"[13.7, 21.9, 226.4]","[20.9, 34.2, 224.1]","[27.9, 20.8, 226.0]"
"[13.7, 21.9, 226.8]","[20.9, 34.3, 224.5]","[28.0, 20.8, 226.2]"
"[13.7, 21.9, 226.0]","[20.9, 34.3, 224.5]","[27.9, 20.8, 225.8]"
"[13.7, 21.9, 226.6]","[21.5, 34.3, 224.5]","[28.0, 20.9, 226.6]"
"[13.7, 21.9, 226.2]","[21.5, 34.3, 224.5]","[28.5, 20.9, 226.6]"
"[13.7, 22.4, 226.0]","[22.0, 34.9, 224.9]","[28.5, 21.4, 226.6]"
"[13.7, 22.9, 226.2]","[21.9, 35.1, 223.3]","[28.5, 21.9, 226.2]"
"[14.2, 24.0, 226.0]","[22.0, 35.9, 224.5]","[28.4, 22.4, 225.8]"
"[14.7, 25.5, 225.3]","[22.4, 37.3, 223.9]","[29.5, 24.5, 225.8]"
"[14.8, 26.1, 226.2]","[22.9, 38.3, 223.5]","[28.8, 24.9, 224.9]"
"[14.7, 27.1, 225.3]","[22.4, 39.3, 223.5]","[28.9, 26.0, 225.3]"
"[14.7, 27.6, 225.5]","[22.4, 39.9, 223.5]","[29.4, 26.5, 225.3]"
"[14.8, 28.7, 226.0]","[22.9, 40.4, 223.5]","[29.5, 27.1, 225.8]"
"[15.3, 28.7, 225.8]","[23.0, 41.1, 224.3]","[29.5, 27.1, 225.8]"
"[14.8, 29.8, 226.0]","[23.0, 42.0, 223.7]","[29.4, 28.6, 225.1]"
"[14.7, 30.2, 225.5]","[23.0, 42.0, 223.7]","[29.4, 29.2, 225.5]"
"[15.3, 30.8, 226.0]","[22.9, 42.9, 223.1]","[29.4, 29.7, 225.1]"
"[14.7, 31.2, 225.1]","[23.0, 43.6, 223.9]","[29.4, 30.2, 225.3]"
"[14.8, 31.9, 226.4]","[23.1, 44.3, 224.9]","[29.5, 30.8, 225.8]"
"[14.8, 33.0, 226.2]","[23.2, 45.0, 225.8]","[29.5, 31.9, 226.0]"
"[14.8, 34.0, 226.0]","[23.0, 45.7, 223.9]","[29.4, 32.3, 225.1]"
"[14.7, 34.5, 225.8]","[22.5, 46.4, 224.7]","[29.4, 32.8, 225.1]"
"[14.7, 34.4, 225.5]","[23.1, 47.0, 225.3]","[29.5, 33.4, 225.8]"
"[14.8, 36.2, 226.4]","[22.6, 48.6, 225.3]","[29.6, 35.1, 226.4]"
"[14.8, 37.2, 226.2]","[22.5, 49.0, 224.9]","[29.5, 35.6, 226.0]"
"[14.8, 37.8, 226.8]","[22.6, 49.6, 225.1]","[29.6, 36.7, 226.6]"
"[15.3, 38.3, 226.8]","[23.3, 50.5, 226.8]","[29.6, 37.2, 226.6]"
"[15.3, 38.4, 227.0]","[23.2, 50.9, 226.4]","[29.6, 37.2, 226.6]"
"[15.9, 38.9, 226.8]","[23.7, 51.4, 226.2]","[30.7, 37.8, 227.0]"
"[15.9, 39.5, 227.2]","[23.8, 51.6, 226.8]","[30.7, 38.4, 227.0]"
"[16.4, 39.0, 227.6]","[24.3, 51.6, 226.8]","[30.7, 38.4, 227.2]"
"[17.0, 38.5, 228.0]","[24.8, 50.5, 226.6]","[31.8, 37.4, 227.4]"
"[17.0, 38.0, 227.8]","[25.4, 50.1, 227.2]","[31.9, 36.9, 227.8]"
"[17.5, 36.8, 227.2]","[25.4, 48.9, 226.8]","[32.2, 35.6, 226.2]"
"[18.0, 35.7, 226.8]","[26.0, 47.9, 227.2]","[32.3, 34.6, 226.8]"
"[18.0, 34.8, 227.6]","[25.9, 47.2, 226.4]","[32.3, 33.6, 227.0]"
"[17.4, 32.4, 225.8]","[25.8, 44.4, 225.5]","[32.1, 30.8, 226.0]"
"[17.4, 30.8, 226.0]","[25.1, 43.1, 223.9]","[32.1, 29.7, 225.8]"
"[17.3, 28.6, 225.3]","[25.1, 41.0, 223.9]","[31.5, 27.6, 225.1]"
"[16.8, 27.0, 225.1]","[24.5, 38.9, 223.9]","[30.9, 24.8, 224.3]"
"[16.3, 25.5, 225.3]","[24.5, 37.7, 223.3]","[30.9, 23.8, 224.5]"
"[15.3, 24.0, 226.0]","[23.5, 36.3, 223.7]","[30.0, 22.4, 226.0]"
"[14.8, 24.0, 226.0]","[22.5, 35.3, 224.3]","[29.0, 21.8, 225.8]"
"[13.7, 23.0, 226.6]","[22.0, 34.8, 224.3]","[28.5, 21.9, 226.0]"
"[13.2, 22.5, 226.8]","[21.5, 34.4, 225.1]","[27.3, 20.7, 225.1]"
"[13.2, 21.9, 226.4]","[20.9, 33.8, 224.5]","[27.5, 20.9, 226.6]"
"[12.7, 21.4, 226.6]","[20.5, 33.8, 224.9]","[27.5, 20.3, 226.4]"
"[12.7, 20.9, 227.0]","[20.5, 32.9, 225.5]","[26.9, 19.3, 226.4]"
"[11.7, 19.3, 227.2]","[19.9, 31.8, 225.1]","[26.4, 18.2, 226.2]"
"[11.6, 18.8, 226.6]","[20.0, 31.3, 225.3]","[26.4, 18.2, 226.6]"
"[11.7, 18.8, 227.2]","[20.0, 31.4, 226.2]","[26.4, 17.1, 226.4]"
"[12.2, 18.3, 227.4]","[20.0, 30.8, 226.0]","[26.4, 17.7, 226.6]"
"[11.6, 18.2, 226.8]","[20.1, 30.4, 226.4]","[26.4, 17.2, 226.6]"
"[11.6, 18.3, 227.0]","[19.5, 30.3, 226.0]","[26.5, 17.2, 227.6]"
"[11.7, 17.8, 227.4]","[19.5, 30.4, 226.4]","[26.4, 17.1, 226.4]"
"[11.7, 17.7, 227.2]","[19.5, 30.3, 226.0]","[26.5, 17.2, 227.0]"
"[11.7, 18.3, 227.4]","[19.4, 30.2, 225.3]","[25.9, 16.7, 226.8]"
"[11.7, 18.3, 227.8]","[19.4, 30.2, 225.3]","[25.9, 17.2, 226.6]"
"[11.7, 18.3, 227.4]","[18.9, 30.2, 225.5]","[25.9, 17.2, 226.6]"
"[11.7, 18.3, 227.4]","[19.0, 30.8, 225.8]","[25.8, 17.1, 226.0]"
"[11.6, 18.3, 227.0]","[18.9, 30.8, 225.5]","[25.9, 17.1, 226.4]"
"[11.7, 18.3, 227.4]","[19.0, 30.9, 226.2]","[25.9, 17.2, 226.6]"
"[11.7, 18.3, 227.4]","[19.0, 30.9, 226.6]","[25.9, 17.7, 226.6]"
"[11.1, 18.8, 226.8]","[19.0, 30.8, 226.0]","[25.9, 17.2, 226.6]"
"[11.7, 18.3, 227.4]","[19.0, 30.9, 226.6]","[25.3, 17.1, 226.4]"
"[11.7, 18.8, 227.4]","[19.0, 30.8, 226.0]","[26.0, 17.2, 227.2]"
"[11.7, 18.8, 227.8]","[19.0, 30.8, 226.0]","[26.0, 17.2, 227.4]"
"[11.1, 18.8, 227.6]","[19.0, 30.9, 226.2]","[25.9, 17.7, 226.8]"
"[11.6, 18.8, 227.0]","[19.0, 30.9, 226.2]","[25.9, 17.7, 226.4]"
"[11.1, 18.8, 227.4]","[19.0, 31.3, 225.8]","[25.9, 17.7, 226.4]"
"[11.1, 18.8, 227.2]","[19.0, 31.5, 226.8]","[25.9, 17.7, 226.6]"
"[11.1, 18.8, 227.4]","[19.0, 30.9, 226.4]","[25.4, 17.7, 227.0]"
"[11.1, 18.8, 226.8]","[19.0, 31.4, 226.2]","[25.9, 17.7, 227.0]"
"[11.2, 18.3, 227.8]","[19.1, 31.0, 227.2]","[25.4, 17.7, 227.0]"
"[11.1, 18.3, 227.6]","[19.0, 30.9, 226.6]","[25.4, 17.2, 226.6]"
"[11.1, 18.3, 227.2]","[19.0, 30.4, 226.4]","[25.5, 17.3, 227.8]"
"[11.2, 17.8, 228.5]","[19.1, 30.5, 227.4]","[25.5, 17.2, 227.4]"
"[11.2, 17.4, 229.1]","[19.1, 30.0, 227.4]","[25.5, 16.7, 228.0]"
"[11.2, 17.9, 228.7]","[19.1, 30.0, 227.4]","[25.7, 17.4, 229.3]"
"[11.7, 18.9, 228.0]","[19.1, 31.5, 227.0]","[25.6, 18.4, 228.3]"
"[11.2, 19.4, 228.3]","[18.5, 32.0, 227.0]","[25.5, 18.8, 227.8]"
"[10.6, 19.9, 228.0]","[17.9, 33.0, 226.4]","[25.5, 19.4, 228.0]"
"[10.6, 21.0, 227.8]","[18.0, 33.2, 227.6]","[24.9, 20.4, 227.6]"
"[9.5, 22.0, 227.2]","[16.8, 34.5, 225.8]","[24.3, 21.9, 226.6]"
"[9.5, 22.0, 227.4]","[16.9, 35.2, 226.8]","[24.3, 21.9, 226.8]"
"[9.5, 23.1, 227.4]","[16.9, 35.1, 226.6]","[24.3, 21.9, 226.6]"
"[9.5, 23.0, 227.0]","[17.0, 35.8, 227.4]","[24.3, 22.5, 226.8]"
"[10.1, 24.6, 227.2]","[17.4, 37.2, 226.0]","[24.3, 24.1, 227.0]"
"[10.6, 25.7, 227.0]","[17.4, 38.3, 226.4]","[24.9, 25.1, 226.8]"
"[10.6, 26.7, 226.8]","[18.0, 39.4, 226.8]","[25.3, 26.1, 226.2]"
"[11.1, 27.8, 227.0]","[18.4, 40.7, 225.5]","[25.8, 27.2, 226.2]"
"[11.6, 29.9, 227.0]","[19.0, 41.9, 226.2]","[26.4, 28.8, 226.6]"
"[12.7, 30.4, 226.8]","[19.5, 43.0, 226.2]","[26.9, 29.8, 226.2]"
"[14.8, 34.7, 227.4]","[22.2, 47.9, 227.2]","[29.7, 34.2, 227.4]"
"[15.9, 36.4, 227.8]","[23.3, 49.0, 227.2]","[30.3, 35.9, 227.8]"
"[17.0, 38.9, 227.2]","[24.5, 51.4, 228.3]","[31.8, 38.4, 227.4]"
"[17.5, 39.6, 228.0]","[25.1, 52.5, 228.7]","[31.9, 39.6, 227.8]"
"[17.6, 40.8, 228.5]","[25.1, 53.1, 228.9]","[31.9, 40.1, 228.0]"
"[17.1, 41.4, 228.9]","[25.1, 53.7, 229.1]","[31.9, 40.2, 228.3]"
"[17.1, 41.4, 229.3]","[25.2, 53.9, 230.0]","[31.9, 40.2, 228.3]"
"[17.1, 40.9, 229.3]","[25.1, 53.7, 229.1]","[31.5, 39.8, 229.1]"
"[17.2, 41.1, 230.4]","[25.1, 53.2, 229.1]","[31.7, 40.0, 230.2]"
"[17.2, 41.1, 230.6]","[25.1, 53.2, 229.3]","[32.2, 40.0, 230.2]"
"[17.2, 41.1, 230.6]","[25.1, 53.1, 228.9]","[32.1, 39.8, 229.3]"
"[17.6, 39.8, 228.9]","[25.6, 51.4, 228.5]","[31.9, 38.6, 228.3]"
"[18.1, 38.7, 228.9]","[25.5, 50.7, 227.8]","[32.0, 37.6, 228.5]"
"[18.1, 36.4, 228.0]","[26.1, 48.8, 228.7]","[33.0, 34.8, 228.0]"
"[18.0, 34.7, 227.2]","[25.9, 46.8, 227.0]","[32.8, 33.1, 227.2]"
"[18.0, 32.0, 227.0]","[26.4, 43.1, 226.8]","[32.3, 29.9, 227.0]"
"[18.0, 29.9, 227.0]","[25.8, 41.4, 226.2]","[32.3, 28.3, 226.8]"
"[16.9, 26.7, 226.6]","[25.3, 38.8, 226.2]","[31.7, 25.6, 226.4]"
"[16.9, 26.2, 227.0]","[24.7, 37.6, 225.5]","[31.8, 24.6, 227.0]"
"[15.4, 23.1, 228.0]","[23.2, 35.7, 226.6]","[29.6, 21.9, 226.8]"
"[14.9, 22.6, 227.8]","[22.2, 34.6, 226.4]","[28.6, 20.9, 227.2]"
"[13.8, 21.6, 228.5]","[21.7, 33.6, 227.2]","[28.1, 19.9, 227.6]"
"[12.8, 20.0, 228.5]","[21.2, 31.5, 227.2]","[27.6, 18.3, 227.6]"
"[12.8, 18.9, 228.7]","[21.2, 30.9, 226.8]","[27.6, 17.8, 227.6]"
"[12.8, 18.4, 228.5]","[20.7, 30.5, 227.2]","[27.7, 17.3, 228.3]"
"[12.7, 18.3, 227.8]","[20.1, 31.0, 227.2]","[27.1, 17.2, 227.6]"
"[12.2, 18.4, 228.3]","[20.1, 30.9, 226.6]","[26.5, 17.2, 227.2]"
"[12.2, 18.3, 228.0]","[20.1, 30.5, 227.4]","[26.5, 17.2, 227.6]"
"[12.2, 17.8, 227.6]","[19.6, 29.9, 227.0]","[26.5, 17.2, 227.2]"
"[11.7, 17.8, 228.5]","[19.6, 30.5, 227.2]","[26.5, 17.2, 227.6]"
"[11.7, 17.8, 228.5]","[19.0, 30.4, 226.6]","[26.5, 17.2, 227.2]"
"[11.7, 18.4, 228.3]","[19.1, 30.4, 227.0]","[25.9, 17.1, 226.4]"
"[11.7, 18.4, 228.7]","[19.0, 30.4, 226.6]","[25.9, 17.2, 227.0]"
"[11.7, 18.3, 227.8]","[19.1, 30.5, 227.2]","[26.0, 17.2, 227.6]"
"[11.7, 19.0, 229.1]","[19.1, 30.5, 227.2]","[26.0, 17.3, 227.8]"
"[11.8, 18.5, 229.5]","[19.1, 31.0, 227.6]","[25.5, 17.2, 227.6]"
"[11.7, 18.4, 228.3]","[19.1, 31.0, 227.4]","[25.5, 17.3, 228.0]"
"[11.8, 19.0, 229.3]","[19.1, 31.0, 227.6]","[25.5, 17.2, 227.4]"
"[11.7, 18.9, 228.7]","[19.2, 31.1, 228.3]","[26.1, 17.3, 228.5]"
"[11.2, 18.4, 229.1]","[19.1, 31.0, 227.6]","[26.1, 17.8, 228.3]"
"[11.2, 18.4, 228.9]","[19.1, 31.0, 227.6]","[25.6, 17.8, 228.3]"
"[11.2, 18.4, 228.9]","[19.2, 30.7, 229.1]","[25.6, 17.9, 229.1]"
"[11.2, 18.9, 228.9]","[19.1, 31.0, 227.6]","[25.6, 17.3, 228.9]"
"[11.2, 18.9, 228.5]","[19.1, 31.1, 227.8]","[25.6, 17.9, 228.9]"
"[10.7, 19.0, 229.3]","[19.1, 31.6, 228.0]","[25.5, 18.3, 227.8]"
"[11.2, 19.4, 228.5]","[19.1, 31.5, 227.2]","[25.5, 17.8, 227.4]"
"[11.2, 19.5, 228.7]","[19.1, 32.0, 227.2]","[25.5, 18.3, 227.4]"
"[11.2, 19.4, 228.3]","[18.6, 31.5, 227.4]","[25.6, 18.4, 228.3]"
"[10.7, 20.6, 229.1]","[18.0, 32.6, 227.4]","[25.1, 20.0, 228.9]"
"[9.6, 22.1, 228.0]","[17.0, 34.8, 228.0]","[24.4, 21.5, 227.4]"
"[9.6, 23.2, 228.3]","[16.9, 35.7, 226.8]","[23.9, 22.5, 227.4]"
"[9.5, 25.2, 227.2]","[17.5, 37.8, 227.0]","[24.3, 25.1, 227.0]"
"[10.1, 26.8, 227.4]","[17.5, 39.4, 227.0]","[25.4, 26.2, 227.0]"
"[10.6, 28.9, 227.2]","[18.0, 40.9, 226.6]","[25.4, 27.8, 226.8]"
"[11.7, 32.1, 227.6]","[19.5, 44.0, 226.2]","[25.8, 30.3, 226.2]"
"[12.2, 33.1, 227.4]","[20.1, 45.8, 227.0]","[26.5, 32.0, 227.2]"
"[14.4, 37.0, 228.5]","[22.3, 48.6, 227.8]","[28.7, 35.3, 227.6]"
"[14.9, 38.1, 228.3]","[22.8, 50.2, 227.6]","[29.7, 36.4, 227.6]"
"[16.0, 39.2, 228.7]","[23.4, 51.2, 227.6]","[29.8, 38.0, 228.0]"
"[16.0, 40.3, 228.7]","[24.0, 52.0, 228.5]","[30.4, 38.7, 228.7]"
"[16.1, 41.0, 229.7]","[24.7, 53.5, 230.4]","[30.5, 39.3, 229.3]"
"[16.6, 41.5, 229.7]","[25.1, 53.2, 229.3]","[31.0, 39.9, 229.5]"
"[17.2, 42.1, 230.2]","[25.2, 53.9, 230.0]","[31.0, 40.4, 229.3]"
"[17.2, 42.7, 230.6]","[25.8, 54.6, 230.6]","[31.6, 40.5, 230.0]"
"[17.1, 42.6, 229.7]","[25.9, 54.7, 231.0]","[32.1, 41.0, 229.7]"
"[17.7, 42.1, 230.2]","[26.4, 54.1, 231.0]","[32.2, 40.5, 230.0]"
"[17.7, 41.6, 230.0]","[26.4, 54.1, 231.0]","[32.3, 40.1, 230.6]"
"[17.7, 41.1, 230.4]","[26.3, 52.8, 230.0]","[32.1, 39.3, 229.5]"
"[18.3, 40.1, 230.6]","[26.3, 51.8, 230.0]","[32.1, 37.7, 229.5]"
"[18.2, 37.8, 230.0]","[26.7, 49.4, 228.9]","[32.6, 36.0, 228.9]"
"[18.1, 36.5, 228.7]","[26.6, 48.2, 228.3]","[33.3, 34.6, 230.0]"
"[18.0, 33.7, 227.6]","[27.0, 45.3, 227.2]","[32.9, 31.6, 227.6]"
"[18.6, 32.1, 227.6]","[27.1, 43.8, 227.6]","[32.9, 30.0, 227.6]"
"[18.6, 30.5, 227.8]","[27.0, 42.6, 227.0]","[32.9, 28.9, 227.8]"
"[19.1, 29.5, 227.6]","[27.0, 41.0, 226.8]","[33.0, 27.9, 228.0]"
"[18.5, 28.3, 227.2]","[27.0, 39.9, 226.8]","[32.7, 26.7, 226.4]"
"[18.0, 25.7, 227.2]","[26.3, 37.7, 226.0]","[32.8, 24.1, 227.0]"
"[17.5, 24.1, 227.4]","[25.9, 36.7, 226.6]","[32.3, 23.0, 227.0]"
"[17.0, 23.7, 228.0]","[24.8, 35.7, 226.6]","[31.3, 22.0, 227.2]"
"[15.9, 23.1, 228.0]","[24.3, 35.2, 226.8]","[30.1, 21.4, 226.8]"
"[15.4, 22.6, 228.3]","[23.8, 34.0, 226.4]","[29.7, 20.4, 227.8]"
"[14.9, 21.5, 228.0]","[23.2, 33.5, 226.6]","[29.7, 19.9, 227.2]"
"[14.9, 21.0, 228.3]","[23.3, 33.1, 227.0]","[29.7, 19.4, 227.8]"
"[14.9, 20.5, 228.5]","[22.7, 32.5, 226.8]","[29.7, 19.3, 227.4]"
"[14.9, 20.0, 228.9]","[22.7, 32.0, 226.8]","[28.7, 18.3, 227.8]"
"[14.4, 19.5, 229.3]","[22.2, 31.5, 227.0]","[28.6, 18.3, 227.4]"
"[13.8, 18.9, 228.5]","[22.2, 30.9, 226.6]","[28.7, 17.3, 228.0]"
"[13.3, 18.3, 228.0]","[21.2, 29.9, 227.0]","[27.6, 16.7, 227.8]"
"[13.3, 17.9, 228.7]","[21.2, 29.9, 226.8]","[27.6, 16.2, 228.0]"
"[13.3, 17.3, 228.0]","[21.2, 29.5, 227.6]","[27.7, 15.7, 228.3]"
"[12.8, 17.3, 228.7]","[21.2, 29.3, 226.8]","[27.6, 15.7, 228.0]"
"[12.8, 17.9, 228.7]","[21.3, 30.1, 228.3]","[27.6, 16.7, 228.0]"
"[13.3, 17.8, 228.3]","[21.2, 30.0, 227.6]","[27.6, 16.7, 227.6]"
"[12.8, 17.9, 228.9]","[21.3, 30.0, 228.0]","[27.6, 16.7, 227.4]"
"[13.3, 17.9, 228.9]","[21.3, 30.1, 228.3]","[27.6, 16.7, 228.0]"
"[13.4, 17.9, 229.1]","[21.2, 30.0, 227.8]","[27.7, 16.2, 228.3]"
"[13.4, 17.9, 229.1]","[21.2, 30.5, 227.6]","[27.6, 16.7, 227.8]"
"[13.3, 18.4, 228.9]","[21.2, 30.5, 227.8]","[27.6, 16.7, 227.8]"
"[13.3, 18.4, 228.9]","[21.2, 30.5, 227.8]","[27.7, 16.8, 228.5]"
"[12.8, 18.4, 229.1]","[21.3, 30.6, 228.5]","[27.7, 17.3, 228.5]"
"[13.9, 18.5, 230.0]","[21.2, 30.5, 227.4]","[27.7, 17.3, 228.5]"
"[13.4, 18.5, 229.5]","[21.3, 30.6, 228.5]","[27.8, 17.3, 228.9]"
"[13.9, 18.5, 230.0]","[21.3, 30.6, 228.0]","[27.7, 17.3, 228.5]"
"[13.9, 18.5, 229.5]","[21.3, 30.6, 228.5]","[27.8, 16.8, 229.1]"
"[13.9, 18.5, 229.5]","[21.3, 30.6, 228.5]","[27.7, 16.8, 228.7]"
"[13.9, 18.4, 229.3]","[21.3, 30.7, 228.7]","[27.6, 16.7, 228.0]"
"[13.9, 18.5, 229.5]","[21.3, 30.6, 228.5]","[28.3, 16.8, 228.7]"
"[13.4, 18.5, 229.5]","[21.2, 30.5, 227.8]","[27.8, 17.4, 229.5]"
"[13.4, 19.5, 229.7]","[21.3, 31.7, 228.5]","[27.9, 19.0, 230.0]"
"[12.8, 20.6, 229.3]","[20.2, 32.2, 228.5]","[27.9, 19.5, 229.7]"
"[12.3, 21.1, 229.1]","[20.2, 33.2, 227.8]","[26.7, 20.0, 228.9]"
"[11.8, 21.6, 229.3]","[19.7, 33.8, 228.3]","[26.6, 20.4, 227.8]"
"[11.8, 22.7, 229.5]","[19.7, 34.4, 228.9]","[26.7, 21.6, 229.1]"
"[12.2, 23.7, 228.0]","[20.2, 36.4, 227.6]","[27.2, 23.2, 228.9]"
"[12.3, 25.4, 229.3]","[20.2, 37.4, 227.8]","[27.5, 24.1, 227.2]"
"[12.2, 26.3, 228.0]","[20.1, 38.4, 227.4]","[26.5, 25.2, 227.2]"
"[12.8, 29.5, 228.3]","[20.7, 42.1, 227.2]","[27.1, 28.4, 227.6]"
"[12.7, 32.1, 227.8]","[21.2, 43.7, 227.4]","[27.1, 30.5, 227.8]"
"[13.9, 35.6, 229.3]","[22.4, 47.1, 228.3]","[28.7, 33.7, 227.8]"
"[14.4, 37.1, 228.9]","[22.9, 48.8, 228.7]","[28.7, 35.4, 228.0]"
"[14.9, 38.0, 228.0]","[23.5, 50.0, 229.5]","[29.2, 36.4, 228.0]"
"[15.5, 39.4, 229.7]","[24.1, 51.2, 230.0]","[29.9, 37.1, 228.7]"
"[16.2, 41.2, 231.0]","[24.7, 52.4, 230.6]","[30.5, 38.2, 229.1]"
"[16.2, 41.9, 231.7]","[25.2, 52.9, 230.4]","[30.6, 38.9, 230.2]"
"[16.1, 41.7, 230.8]","[25.3, 53.1, 231.2]","[30.6, 38.9, 230.2]"
"[16.6, 41.6, 230.0]","[25.9, 53.2, 231.7]","[31.2, 39.5, 230.6]"
"[17.3, 41.9, 231.7]","[26.3, 52.9, 230.2]","[31.1, 39.5, 230.2]"
"[17.8, 41.9, 231.9]","[27.5, 53.2, 231.5]","[31.8, 38.6, 231.5]"
"[17.8, 40.8, 231.7]","[28.0, 51.9, 230.8]","[31.8, 37.0, 231.5]"
"[18.4, 40.4, 232.3]","[28.0, 50.8, 230.6]","[32.3, 36.3, 230.8]"
"[18.4, 39.8, 232.1]","[28.0, 49.9, 231.2]","[31.9, 35.4, 231.9]"
"[18.3, 38.5, 231.2]","[27.9, 48.6, 230.4]","[32.6, 34.5, 232.8]"
"[18.3, 36.3, 230.6]","[29.0, 46.9, 230.0]","[32.2, 32.5, 230.4]"
"[18.3, 35.2, 230.4]","[29.0, 45.3, 230.0]","[32.3, 31.5, 230.8]"
"[18.3, 34.1, 230.4]","[28.8, 44.6, 229.1]","[32.1, 29.7, 229.3]"
"[18.2, 33.0, 230.0]","[28.8, 42.9, 228.5]","[32.1, 28.6, 229.5]"
"[18.2, 31.3, 229.3]","[28.8, 41.8, 228.5]","[32.2, 27.1, 230.2]"
"[18.2, 28.6, 229.3]","[28.3, 39.2, 228.7]","[32.1, 24.9, 229.5]"
"[18.2, 27.6, 230.0]","[27.7, 38.1, 228.7]","[32.1, 24.4, 229.7]"
"[16.1, 25.5, 230.2]","[25.6, 36.0, 228.7]","[30.6, 21.7, 230.0]"
"[15.5, 24.9, 229.5]","[25.1, 35.0, 228.9]","[29.5, 21.2, 229.7]"
"[15.0, 23.4, 230.4]","[24.5, 34.3, 228.0]","[29.0, 20.2, 230.6]"
"[15.1, 21.8, 230.8]","[24.0, 32.3, 228.7]","[28.8, 18.4, 229.1]"
"[15.1, 21.3, 231.0]","[23.9, 31.6, 227.8]","[28.9, 17.9, 229.3]"
"[15.0, 20.6, 229.7]","[24.0, 31.7, 228.3]","[28.8, 17.3, 228.7]"
"[14.0, 19.6, 230.2]","[23.5, 30.7, 228.7]","[29.1, 16.4, 230.8]"
"[13.9, 19.0, 230.0]","[22.9, 29.6, 228.5]","[27.8, 15.8, 229.5]"
"[13.4, 18.0, 230.6]","[22.4, 29.6, 228.9]","[27.9, 15.3, 229.7]"
"[12.9, 18.0, 230.2]","[22.4, 29.1, 228.7]","[28.0, 15.3, 230.8]"
"[12.9, 18.0, 230.8]","[22.4, 28.6, 228.9]","[27.9, 14.8, 230.2]"
"[13.0, 17.6, 232.1]","[22.4, 28.5, 228.5]","[27.4, 14.8, 230.2]"
"[13.0, 17.6, 231.7]","[21.9, 28.6, 229.3]","[27.0, 14.8, 231.5]"
"[13.0, 17.6, 231.7]","[21.9, 29.2, 229.5]","[27.4, 15.3, 230.2]"
"[12.9, 18.0, 230.8]","[21.9, 29.1, 229.1]","[28.0, 15.9, 230.8]"
"[12.9, 18.0, 230.6]","[22.0, 29.2, 230.0]","[28.0, 15.9, 230.8]"
"[12.9, 18.0, 230.4]","[21.9, 29.2, 229.5]","[28.1, 15.4, 231.5]"
"[13.5, 17.6, 231.7]","[22.5, 29.2, 229.7]","[28.0, 15.4, 231.2]"
"[13.5, 18.1, 231.2]","[22.4, 29.1, 229.1]","[27.9, 15.8, 230.2]"
"[14.0, 18.1, 231.5]","[22.5, 29.7, 229.5]","[27.9, 15.8, 230.4]"
"[13.5, 18.1, 231.9]","[21.9, 29.7, 229.5]","[28.0, 15.9, 230.8]"
"[13.5, 18.1, 231.2]","[22.0, 29.8, 230.2]","[28.0, 16.4, 231.2]"
"[13.5, 18.1, 231.9]","[22.5, 29.8, 230.0]","[28.0, 17.0, 231.0]"
"[13.5, 18.1, 231.9]","[21.9, 29.6, 229.1]","[28.0, 16.4, 230.6]"
"[13.5, 18.1, 231.9]","[22.0, 29.8, 230.2]","[28.0, 15.9, 231.0]"
"[13.5, 18.1, 231.9]","[22.0, 29.8, 230.2]","[28.0, 15.9, 231.0]"
"[13.5, 18.1, 231.7]","[22.0, 29.8, 230.0]","[27.9, 16.9, 230.4]"
"[13.5, 18.6, 231.5]","[22.0, 29.7, 229.7]","[28.0, 16.4, 231.2]"
"[13.0, 19.2, 231.9]","[21.5, 30.9, 230.2]","[28.1, 17.0, 231.9]"
"[13.0, 19.7, 231.5]","[21.4, 31.3, 229.7]","[28.1, 17.5, 231.5]"
"[13.0, 20.3, 231.7]","[21.0, 32.0, 230.4]","[26.9, 18.0, 230.8]"
"[11.8, 21.3, 231.0]","[20.4, 33.5, 230.0]","[27.0, 19.7, 231.5]"
"[11.9, 21.9, 231.9]","[19.8, 33.5, 229.7]","[25.8, 20.1, 230.2]"
"[11.9, 22.4, 231.9]","[19.8, 33.9, 229.1]","[25.8, 20.7, 230.6]"
"[11.9, 23.0, 231.9]","[19.9, 34.1, 230.2]","[25.9, 20.7, 231.2]"
"[11.3, 23.9, 230.8]","[19.8, 35.6, 229.3]","[25.8, 22.3, 230.4]"
"[10.7, 26.6, 230.2]","[19.8, 38.3, 229.7]","[25.7, 24.9, 229.3]"
"[10.8, 28.3, 231.0]","[19.7, 39.8, 228.9]","[25.6, 25.9, 228.9]"
"[11.3, 29.3, 230.4]","[19.8, 40.9, 229.5]","[25.6, 26.9, 228.9]"
"[11.8, 31.5, 231.0]","[20.4, 43.7, 230.0]","[25.6, 29.1, 229.1]"
"[12.4, 33.1, 231.0]","[20.9, 44.7, 229.5]","[26.7, 30.7, 229.3]"
"[12.9, 35.8, 230.8]","[22.5, 47.4, 229.7]","[27.8, 32.9, 229.5]"
"[14.0, 36.9, 230.8]","[23.1, 48.0, 230.2]","[27.8, 34.5, 229.5]"
"[14.0, 38.0, 231.0]","[23.6, 49.2, 230.4]","[28.4, 34.6, 230.0]"
"[14.6, 38.6, 231.5]","[24.3, 49.9, 231.2]","[28.9, 35.6, 229.3]"
"[15.1, 40.3, 231.9]","[24.8, 51.5, 231.2]","[29.5, 36.7, 230.0]"
"[16.2, 40.8, 231.7]","[25.9, 51.6, 231.7]","[30.1, 36.9, 230.8]"
"[16.2, 40.4, 232.3]","[26.5, 51.0, 231.5]","[30.1, 36.8, 230.4]"
"[16.2, 40.4, 232.3]","[26.5, 51.1, 232.1]","[30.7, 36.4, 231.0]"
"[17.4, 40.5, 233.4]","[27.0, 51.1, 231.7]","[30.8, 36.5, 231.7]"
"[17.4, 40.4, 232.6]","[27.5, 50.5, 231.5]","[31.5, 36.6, 232.6]"
"[18.4, 39.8, 232.3]","[28.6, 50.0, 231.7]","[32.0, 35.5, 232.3]"
"[18.4, 39.2, 231.9]","[28.6, 49.4, 231.5]","[32.3, 35.3, 231.0]"
"[19.0, 38.3, 232.8]","[29.1, 48.3, 231.2]","[32.4, 33.7, 231.5]"
"[18.9, 36.5, 232.1]","[29.1, 46.6, 231.2]","[32.9, 32.0, 231.0]"
"[19.5, 33.8, 231.9]","[29.5, 44.3, 230.4]","[33.3, 29.3, 230.4]"
"[19.5, 32.7, 231.9]","[29.6, 42.8, 230.8]","[33.6, 28.4, 232.1]"
"[18.9, 29.4, 231.2]","[29.0, 40.1, 230.6]","[33.4, 25.6, 231.0]"
"[18.4, 28.9, 231.5]","[28.0, 39.5, 230.6]","[32.4, 24.6, 231.5]"
"[17.3, 27.8, 231.7]","[27.4, 37.9, 230.6]","[31.3, 23.5, 231.5]"
"[16.3, 26.3, 232.6]","[26.5, 37.0, 231.5]","[30.2, 22.9, 231.5]"
"[15.2, 25.2, 232.8]","[25.3, 35.2, 230.6]","[29.3, 20.3, 232.3]"
"[14.7, 23.1, 233.0]","[24.8, 33.1, 230.8]","[28.6, 19.2, 231.7]"
"[14.1, 22.0, 233.0]","[24.3, 32.6, 231.2]","[28.1, 17.6, 231.9]"
"[14.1, 19.8, 232.6]","[23.8, 30.5, 231.7]","[28.1, 16.5, 231.7]"
"[14.1, 19.3, 233.0]","[23.8, 30.0, 231.7]","[28.2, 16.0, 232.8]"
"[13.0, 18.7, 233.0]","[22.7, 29.4, 231.5]","[27.1, 14.9, 232.3]"
"[13.0, 18.7, 233.0]","[22.1, 28.8, 231.0]","[27.2, 14.9, 233.2]"
"[12.5, 18.2, 232.6]","[22.2, 28.9, 231.9]","[26.6, 14.9, 232.8]"
"[13.0, 18.8, 233.2]","[22.1, 29.4, 231.0]","[26.6, 14.9, 233.0]"
"[13.0, 18.7, 232.8]","[22.1, 29.4, 231.5]","[27.1, 15.4, 232.1]"
"[13.0, 18.7, 232.8]","[22.1, 29.4, 231.2]","[27.1, 15.4, 232.1]"
"[13.0, 18.2, 232.8]","[22.1, 28.8, 231.0]","[27.1, 14.9, 232.1]"
"[13.0, 18.2, 233.2]","[22.1, 28.9, 231.7]","[27.2, 14.9, 233.0]"
"[12.5, 18.2, 233.0]","[22.7, 29.4, 231.7]","[27.0, 14.8, 231.7]"
"[12.5, 18.2, 233.4]","[22.7, 28.9, 231.9]","[27.1, 14.9, 232.1]"
"[13.0, 18.2, 232.8]","[22.1, 29.4, 231.0]","[27.1, 15.4, 232.3]"
"[13.0, 18.2, 232.8]","[22.1, 29.4, 231.2]","[27.1, 14.9, 232.3]"
"[13.1, 18.2, 233.4]","[22.2, 29.5, 231.9]","[27.1, 15.4, 232.1]"
"[13.0, 18.2, 232.8]","[22.7, 29.4, 231.7]","[27.1, 15.4, 232.3]"
"[13.0, 18.2, 232.8]","[22.1, 29.4, 231.2]","[27.1, 15.4, 232.6]"
"[13.0, 18.2, 232.8]","[22.7, 28.9, 231.7]","[27.2, 15.5, 233.0]"
"[13.0, 18.7, 232.3]","[22.7, 29.0, 232.1]","[27.1, 15.4, 232.1]"
"[13.1, 18.2, 233.7]","[22.1, 29.4, 231.5]","[27.1, 15.4, 232.3]"
"[13.1, 18.2, 233.4]","[22.2, 29.5, 231.9]","[27.1, 15.4, 232.6]"
"[13.0, 19.3, 233.0]","[22.1, 29.4, 231.5]","[27.1, 16.0, 232.6]"
"[13.0, 19.8, 233.2]","[21.6, 30.5, 231.2]","[27.1, 17.1, 232.8]"
"[12.0, 20.4, 233.2]","[21.1, 31.6, 231.5]","[26.5, 17.6, 232.3]"
"[11.9, 21.4, 232.8]","[20.5, 32.0, 231.0]","[25.9, 18.6, 231.5]"
"[10.8, 21.4, 232.6]","[20.4, 32.5, 230.6]","[24.9, 18.7, 232.1]"
"[10.9, 22.0, 232.8]","[19.9, 33.0, 230.4]","[24.9, 19.2, 232.1]"
"[10.8, 23.5, 232.1]","[19.9, 34.2, 230.8]","[24.8, 20.2, 231.2]"
"[10.8, 23.6, 232.6]","[19.8, 35.1, 230.0]","[25.4, 21.3, 231.7]"
"[10.8, 24.6, 231.9]","[19.3, 36.2, 230.2]","[24.7, 22.3, 230.2]"
"[10.3, 27.3, 232.1]","[19.3, 38.3, 230.0]","[24.7, 24.4, 230.2]"
"[10.8, 28.4, 231.7]","[19.8, 40.0, 230.0]","[25.2, 25.5, 230.0]"
"[10.8, 29.4, 231.2]","[20.3, 40.9, 229.5]","[25.1, 26.9, 228.7]"
"[11.4, 31.1, 231.9]","[20.3, 41.9, 229.1]","[25.1, 28.0, 228.9]"
"[12.4, 33.1, 231.0]","[21.5, 44.4, 230.6]","[26.6, 30.1, 228.5]"
"[13.0, 34.3, 231.7]","[22.1, 45.5, 231.0]","[26.7, 31.8, 228.9]"
"[14.1, 37.1, 232.3]","[23.2, 47.7, 231.0]","[27.9, 33.5, 230.0]"
"[14.1, 38.2, 232.3]","[23.6, 48.6, 230.4]","[28.4, 34.1, 230.0]"
"[15.1, 39.7, 231.5]","[24.8, 50.5, 231.5]","[29.0, 36.8, 230.6]"
"[15.7, 40.4, 232.3]","[25.5, 51.3, 232.6]","[29.5, 36.8, 230.2]"
"[16.2, 40.8, 231.9]","[26.5, 51.7, 232.3]","[30.2, 37.5, 231.5]"
"[16.3, 40.9, 232.6]","[27.1, 51.3, 232.8]","[30.7, 36.9, 231.0]"
"[17.4, 41.0, 232.8]","[27.1, 51.1, 232.1]","[31.4, 36.5, 231.9]"
"[17.3, 40.9, 232.1]","[27.7, 50.8, 233.0]","[31.3, 36.4, 231.5]"
"[17.9, 40.5, 233.0]","[28.2, 50.6, 232.3]","[31.4, 36.5, 232.1]"
"[19.0, 39.9, 232.8]","[29.3, 50.2, 232.6]","[32.4, 35.4, 231.5]"
"[19.5, 39.4, 232.8]","[29.8, 49.1, 232.6]","[32.5, 34.4, 232.1]"
"[19.5, 37.1, 232.3]","[30.3, 47.4, 232.3]","[33.7, 32.9, 233.0]"
"[19.5, 36.0, 231.9]","[30.3, 46.2, 231.7]","[33.5, 31.6, 231.9]"
"[19.4, 34.8, 231.5]","[30.2, 45.1, 231.5]","[33.5, 30.0, 231.9]"
"[20.0, 33.3, 231.9]","[30.1, 43.3, 230.6]","[33.6, 29.0, 232.3]"
"[20.0, 30.5, 231.5]","[30.1, 40.6, 230.6]","[33.5, 26.2, 231.9]"
"[19.5, 29.5, 231.9]","[30.1, 39.5, 230.2]","[33.3, 25.0, 230.6]"
"[18.9, 27.8, 231.2]","[29.6, 37.9, 230.8]","[33.5, 23.5, 231.7]"
"[18.4, 26.7, 231.7]","[28.0, 36.8, 230.6]","[32.4, 22.4, 231.9]"
"[16.8, 25.7, 231.9]","[27.5, 36.4, 231.0]","[31.3, 21.9, 231.5]"
"[16.3, 25.2, 232.8]","[26.3, 35.2, 230.4]","[30.8, 20.8, 231.7]"
"[16.3, 24.1, 232.6]","[26.4, 34.7, 230.8]","[30.3, 20.8, 231.9]"
"[16.2, 23.6, 232.3]","[25.8, 33.6, 230.8]","[30.3, 19.2, 232.3]"
"[15.7, 22.5, 232.6]","[25.8, 33.1, 230.6]","[30.3, 18.7, 232.1]"
"[15.2, 21.4, 232.6]","[24.7, 32.0, 230.4]","[29.3, 17.6, 232.3]"
"[15.2, 20.3, 232.6]","[24.8, 31.5, 231.0]","[29.3, 17.1, 232.3]"
"[15.2, 19.8, 233.0]","[24.9, 30.5, 231.7]","[29.2, 16.5, 231.9]"
"[14.6, 19.2, 232.6]","[24.3, 30.0, 231.7]","[29.2, 16.0, 232.1]"
"[14.7, 18.8, 233.2]","[24.3, 30.0, 231.5]","[29.2, 16.0, 232.1]"
"[14.1, 18.2, 233.0]","[23.2, 29.4, 231.2]","[28.1, 15.4, 231.7]"
"[14.2, 18.3, 233.9]","[23.2, 28.9, 231.7]","[28.2, 14.9, 232.6]"
"[14.1, 18.2, 233.2]","[23.8, 29.5, 232.1]","[28.2, 14.9, 232.6]"
"[14.1, 18.7, 233.0]","[23.7, 29.4, 231.2]","[28.1, 15.4, 232.1]"
"[14.1, 18.7, 233.0]","[23.8, 30.0, 231.5]","[28.2, 15.4, 232.3]"
"[14.1, 18.8, 233.2]","[23.7, 29.9, 231.2]","[28.7, 15.4, 232.3]"
"[14.1, 18.7, 232.3]","[23.2, 29.4, 231.2]","[28.2, 15.4, 232.3]"
"[14.1, 18.7, 233.0]","[23.1, 29.3, 230.8]","[28.2, 15.4, 232.3]"
"[14.1, 18.7, 233.0]","[23.7, 29.4, 231.2]","[28.7, 15.4, 232.3]"
"[14.1, 18.7, 233.0]","[23.8, 29.5, 231.9]","[28.7, 15.4, 232.6]"
"[14.2, 18.8, 233.7]","[23.8, 29.4, 231.5]","[28.8, 15.5, 233.0]"
"[14.1, 18.7, 232.8]","[23.7, 29.4, 231.0]","[28.8, 15.5, 232.8]"
"[14.1, 18.8, 233.4]","[23.8, 29.4, 231.5]","[28.8, 15.5, 233.0]"
"[14.2, 18.8, 233.7]","[23.3, 29.6, 232.6]","[28.2, 15.4, 232.6]"
"[14.1, 18.2, 233.2]","[23.3, 29.5, 232.1]","[28.8, 15.5, 233.2]"
"[14.1, 18.2, 233.4]","[23.3, 28.9, 231.9]","[28.3, 15.5, 233.2]"
"[14.1, 18.2, 233.4]","[23.8, 29.0, 232.1]","[28.3, 14.9, 233.0]"
"[14.1, 18.2, 233.2]","[23.3, 29.0, 232.6]","[28.3, 14.9, 233.2]"
"[14.2, 18.3, 233.9]","[23.3, 29.0, 232.1]","[28.3, 14.9, 233.2]"
"[14.1, 18.2, 233.2]","[23.3, 29.6, 232.8]","[28.2, 15.4, 232.6]"
"[14.2, 18.3, 233.9]","[23.3, 29.6, 232.6]","[28.3, 16.0, 233.0]"
"[14.2, 18.8, 233.9]","[23.3, 30.1, 232.3]","[28.3, 16.0, 233.2]"
"[13.6, 19.3, 233.2]","[22.7, 31.1, 231.7]","[28.3, 17.1, 233.4]"
"[13.0, 20.4, 233.2]","[22.2, 31.6, 231.9]","[27.1, 17.6, 232.8]"
"[13.0, 20.4, 233.0]","[21.6, 31.5, 231.2]","[27.0, 18.1, 231.9]"
"[13.1, 20.4, 233.7]","[21.6, 32.2, 231.9]","[27.1, 18.2, 232.6]"
"[13.1, 21.0, 233.7]","[21.6, 32.1, 231.2]","[27.1, 18.1, 232.1]"
"[13.0, 21.5, 233.0]","[21.5, 32.5, 230.6]","[27.1, 19.2, 232.6]"
"[13.0, 22.5, 232.6]","[21.5, 33.6, 230.8]","[27.1, 19.8, 232.3]"
"[12.5, 24.2, 232.8]","[21.5, 35.7, 230.2]","[27.0, 22.4, 231.5]"
"[12.4, 25.6, 231.5]","[21.5, 36.8, 230.2]","[27.0, 22.9, 231.2]"
"[13.0, 26.8, 231.9]","[21.9, 37.7, 229.5]","[27.3, 23.8, 229.7]"
"[13.0, 27.8, 231.5]","[22.5, 38.9, 230.0]","[27.9, 24.9, 230.0]"
"[14.0, 28.9, 231.5]","[22.5, 39.9, 229.5]","[27.9, 25.5, 230.0]"
"[14.6, 31.1, 231.7]","[23.6, 42.1, 230.0]","[29.1, 27.7, 231.0]"
"[15.1, 32.7, 231.5]","[24.7, 43.2, 230.0]","[29.0, 29.8, 230.0]"
"[16.2, 35.8, 231.2]","[25.8, 46.5, 230.4]","[30.1, 32.5, 230.2]"
"[16.7, 36.9, 231.0]","[25.8, 47.6, 230.8]","[30.7, 33.6, 230.6]"
"[16.8, 37.6, 231.9]","[26.5, 48.9, 231.5]","[31.3, 34.8, 231.7]"
"[17.4, 38.8, 232.6]","[27.0, 49.5, 231.9]","[31.2, 35.2, 230.8]"
"[17.9, 38.7, 232.1]","[27.6, 49.5, 231.9]","[32.5, 35.5, 232.3]"
"[18.5, 39.9, 233.0]","[28.8, 50.2, 232.8]","[33.1, 35.6, 232.8]"
"[18.4, 39.8, 232.3]","[29.2, 50.1, 232.1]","[32.6, 36.1, 233.0]"
"[19.0, 39.3, 232.6]","[29.3, 50.1, 232.3]","[32.5, 35.5, 232.3]"
"[19.0, 40.0, 233.2]","[29.3, 50.2, 232.8]","[32.5, 35.4, 232.1]"
"[19.6, 39.9, 233.0]","[29.9, 49.2, 233.0]","[33.1, 35.0, 232.8]"
"[19.6, 39.4, 233.2]","[29.9, 49.1, 232.8]","[33.1, 34.5, 232.8]"
"[19.5, 38.2, 232.6]","[30.3, 47.8, 231.7]","[33.8, 33.5, 233.7]"
"[20.6, 37.2, 232.6]","[31.4, 46.3, 232.3]","[33.7, 31.8, 233.0]"
"[20.6, 35.5, 232.6]","[31.3, 45.1, 231.7]","[34.8, 30.7, 233.0]"
"[20.6, 34.4, 232.3]","[31.3, 44.5, 231.2]","[34.6, 29.5, 231.9]"
"[20.6, 33.4, 232.6]","[31.9, 43.0, 231.7]","[34.5, 28.3, 231.5]"
"[21.1, 31.1, 232.3]","[31.8, 40.7, 231.2]","[34.7, 26.8, 232.6]"
"[20.5, 29.4, 231.5]","[31.8, 39.6, 231.0]","[34.7, 24.6, 232.3]"
"[20.5, 28.9, 231.9]","[31.2, 38.9, 230.4]","[34.7, 24.1, 232.3]"
"[20.5, 28.3, 231.5]","[31.2, 38.5, 231.0]","[34.7, 24.1, 232.3]"
"[20.0, 26.8, 232.1]","[30.7, 36.9, 230.8]","[34.1, 21.9, 232.1]"
"[19.5, 25.7, 232.1]","[30.1, 35.8, 230.8]","[33.5, 21.3, 231.7]"
"[19.0, 24.6, 232.3]","[29.6, 34.7, 230.6]","[33.1, 20.3, 232.8]"
"[17.4, 24.1, 232.6]","[28.2, 33.9, 232.3]","[31.5, 19.3, 232.8]"
"[16.8, 23.6, 232.8]","[27.0, 33.8, 231.9]","[30.8, 18.7, 232.1]"
"[16.3, 23.7, 233.4]","[27.1, 33.3, 232.1]","[29.8, 18.7, 232.3]"
"[16.3, 23.2, 233.7]","[26.0, 33.3, 231.9]","[29.9, 18.7, 233.0]"
"[15.8, 22.6, 233.2]","[26.0, 32.7, 232.1]","[30.0, 18.2, 233.7]"
"[15.3, 21.0, 234.5]","[26.0, 31.1, 231.9]","[29.4, 16.6, 233.2]"
"[15.2, 20.4, 233.2]","[25.4, 30.0, 232.1]","[29.5, 15.5, 233.9]"
"[15.3, 19.4, 233.9]","[25.5, 29.6, 232.6]","[29.5, 15.0, 234.1]"
"[15.3, 18.3, 234.5]","[24.9, 28.4, 232.3]","[28.9, 14.4, 233.9]"
"[14.7, 18.3, 234.3]","[25.0, 28.5, 233.0]","[28.9, 13.9, 234.1]"
"[14.8, 17.8, 234.8]","[25.0, 28.0, 233.4]","[28.3, 13.8, 233.0]"
"[14.2, 17.7, 233.7]","[24.4, 28.0, 232.8]","[28.4, 13.4, 234.1]"
"[14.8, 17.8, 234.5]","[25.0, 28.0, 233.2]","[28.3, 13.9, 233.2]"
"[14.8, 17.8, 234.5]","[24.4, 28.0, 232.8]","[28.3, 13.9, 233.7]"
"[14.8, 17.8, 234.5]","[24.5, 28.1, 233.7]","[28.3, 13.9, 233.2]"
"[14.8, 17.8, 234.5]","[24.4, 28.0, 233.0]","[28.4, 13.9, 233.9]"
"[14.8, 17.8, 235.0]","[24.5, 28.5, 233.2]","[28.3, 13.9, 233.4]"
"[14.2, 17.8, 234.8]","[24.5, 28.0, 233.2]","[28.3, 13.9, 233.4]"
"[14.8, 17.8, 235.0]","[24.5, 28.1, 233.9]","[28.3, 13.9, 233.4]"
"[14.8, 17.8, 235.0]","[24.5, 28.6, 233.7]","[28.4, 13.9, 233.9]"
"[14.2, 17.8, 234.8]","[24.4, 28.5, 232.8]","[28.4, 13.9, 234.5]"
"[14.3, 18.4, 235.4]","[24.5, 28.6, 233.4]","[28.4, 14.4, 233.9]"
"[14.3, 17.8, 235.4]","[24.4, 28.5, 233.0]","[28.4, 14.4, 233.9]"
"[14.3, 17.8, 235.2]","[24.0, 28.6, 233.7]","[28.4, 14.5, 234.3]"
"[14.8, 17.8, 235.2]","[24.4, 28.5, 232.6]","[28.4, 14.5, 234.1]"
"[14.8, 17.8, 235.4]","[24.5, 28.5, 233.2]","[29.0, 14.0, 235.0]"
"[14.8, 17.8, 234.5]","[24.5, 28.6, 233.9]","[28.9, 14.4, 233.9]"
"[15.4, 17.8, 235.2]","[24.4, 28.5, 233.0]","[29.0, 14.5, 234.3]"
"[14.8, 18.3, 235.0]","[23.9, 29.1, 233.0]","[28.4, 15.0, 234.1]"
"[14.2, 19.4, 234.5]","[23.3, 30.1, 232.8]","[28.4, 16.1, 234.1]"
"[13.7, 20.0, 234.8]","[23.4, 30.7, 233.2]","[28.4, 17.2, 233.9]"
"[13.1, 21.0, 234.5]","[22.8, 31.8, 233.0]","[27.8, 17.7, 234.1]"
"[13.7, 22.1, 234.5]","[23.3, 33.4, 232.8]","[28.3, 18.8, 233.2]"
"[14.2, 23.2, 234.3]","[23.4, 34.0, 233.0]","[28.3, 19.8, 233.0]"
"[14.2, 24.2, 233.7]","[23.8, 34.9, 232.1]","[28.3, 20.9, 233.2]"
"[14.2, 24.8, 234.1]","[23.8, 35.5, 232.3]","[28.8, 21.5, 233.4]"
"[14.7, 27.0, 233.7]","[24.9, 37.6, 231.9]","[29.3, 23.6, 232.8]"
"[15.8, 28.1, 234.1]","[24.9, 39.2, 232.1]","[29.7, 24.6, 231.9]"
"[16.3, 30.2, 233.2]","[25.9, 40.7, 231.2]","[30.3, 26.3, 232.3]"
"[16.8, 31.8, 232.8]","[26.5, 41.9, 232.1]","[30.9, 27.9, 232.3]"
"[17.4, 33.4, 232.8]","[27.0, 43.5, 231.9]","[31.4, 29.5, 231.9]"
"[17.9, 36.1, 233.0]","[28.2, 46.9, 232.3]","[31.9, 32.7, 232.1]"
"[17.9, 37.2, 233.0]","[28.2, 48.0, 232.6]","[31.5, 33.9, 232.6]"
"[17.5, 39.5, 233.9]","[27.7, 49.1, 232.8]","[30.3, 34.9, 232.3]"
"[16.9, 40.1, 233.7]","[27.7, 49.2, 233.2]","[30.3, 34.9, 232.3]"
"[17.5, 40.1, 233.9]","[27.7, 49.8, 233.2]","[30.4, 35.0, 233.0]"
"[17.5, 40.2, 234.3]","[28.3, 49.8, 233.4]","[31.6, 35.1, 233.4]"
"[17.5, 40.2, 234.8]","[28.9, 49.9, 233.9]","[31.6, 35.2, 233.9]"
"[18.0, 40.2, 234.3]","[28.9, 49.9, 233.9]","[31.6, 35.1, 233.7]"
"[18.6, 40.3, 235.0]","[29.5, 49.9, 233.9]","[31.5, 35.0, 232.8]"
"[18.6, 40.3, 235.2]","[29.5, 50.0, 234.3]","[32.2, 34.6, 233.9]"
"[18.6, 40.3, 235.2]","[30.0, 49.4, 234.3]","[32.2, 34.7, 234.3]"
"[19.2, 40.3, 235.2]","[30.0, 49.4, 234.3]","[32.2, 34.7, 234.1]"
"[19.2, 39.7, 235.0]","[30.7, 49.5, 234.8]","[32.8, 34.7, 234.1]"
"[19.8, 39.3, 235.7]","[31.2, 48.5, 235.0]","[33.2, 33.5, 233.7]"
"[20.2, 38.0, 234.3]","[31.6, 47.2, 233.9]","[33.9, 32.6, 234.8]"
"[20.8, 37.0, 234.8]","[31.7, 46.2, 234.3]","[33.9, 32.0, 234.5]"
"[21.3, 34.1, 233.9]","[32.1, 43.2, 233.0]","[34.3, 28.6, 233.7]"
"[21.3, 33.0, 233.9]","[32.6, 41.6, 233.0]","[35.0, 27.1, 234.5]"
"[21.8, 30.3, 233.9]","[32.6, 39.4, 233.0]","[34.9, 24.8, 233.7]"
"[21.8, 29.2, 233.9]","[32.6, 38.3, 232.8]","[34.8, 23.7, 233.4]"
"[21.8, 26.4, 233.7]","[32.6, 36.1, 233.0]","[35.5, 21.6, 234.1]"
"[21.2, 25.8, 233.4]","[32.5, 35.4, 232.1]","[35.5, 20.5, 234.3]"
"[21.8, 25.4, 234.1]","[32.6, 35.0, 232.8]","[35.5, 19.9, 234.1]"
"[20.8, 23.2, 234.5]","[30.9, 32.8, 232.8]","[33.8, 17.7, 233.9]"
"[19.7, 22.1, 234.5]","[30.5, 31.8, 233.4]","[33.3, 17.2, 233.9]"
"[18.6, 21.0, 234.5]","[29.3, 30.7, 233.0]","[32.9, 16.2, 235.0]"
"[18.7, 20.6, 235.4]","[29.5, 30.8, 233.9]","[32.3, 16.2, 235.0]"
"[18.6, 20.6, 235.2]","[28.8, 30.2, 233.2]","[32.4, 15.6, 235.2]"
"[18.1, 20.0, 234.8]","[28.3, 30.2, 233.7]","[31.7, 16.1, 234.3]"
"[17.0, 19.5, 235.4]","[27.2, 29.6, 233.2]","[30.6, 15.0, 234.3]"
"[16.5, 18.4, 235.4]","[27.3, 28.7, 234.3]","[30.6, 13.9, 234.5]"
"[16.4, 17.8, 235.0]","[27.2, 27.5, 233.4]","[30.7, 13.4, 234.8]"
"[16.5, 17.3, 235.4]","[26.7, 27.0, 233.9]","[30.8, 12.9, 235.9]"
"[16.5, 16.2, 235.7]","[26.7, 26.4, 233.9]","[30.7, 12.3, 235.4]"
"[16.6, 16.3, 237.2]","[26.2, 26.5, 234.1]","[30.7, 11.8, 235.2]"
"[16.5, 16.2, 236.1]","[26.1, 26.4, 233.4]","[29.5, 12.3, 234.5]"
"[15.9, 16.8, 235.9]","[26.2, 27.1, 234.5]","[30.1, 12.3, 234.8]"
"[16.4, 16.7, 235.0]","[26.2, 27.0, 234.1]","[29.6, 12.9, 235.0]"
"[15.9, 16.8, 235.9]","[26.2, 27.0, 233.7]","[29.6, 12.3, 234.8]"
"[15.4, 16.8, 236.1]","[26.2, 27.0, 233.9]","[29.5, 12.3, 234.1]"
"[15.4, 16.8, 235.9]","[25.6, 26.9, 233.4]","[29.6, 12.9, 235.0]"
"[15.4, 16.7, 235.4]","[25.6, 27.0, 233.9]","[29.6, 12.3, 235.0]"
"[15.4, 16.8, 236.1]","[25.6, 27.0, 233.9]","[29.6, 12.9, 235.0]"
"[15.4, 17.3, 235.7]","[25.6, 27.0, 233.7]","[29.6, 12.9, 235.0]"
"[15.4, 16.7, 235.4]","[25.6, 27.0, 233.9]","[29.6, 12.9, 235.0]"
"[15.4, 16.7, 235.2]","[25.6, 27.0, 233.9]","[29.6, 12.9, 234.8]"
"[15.4, 17.3, 235.2]","[25.1, 27.5, 233.9]","[29.5, 12.8, 234.5]"
"[15.4, 16.8, 235.7]","[25.0, 26.9, 233.4]","[29.6, 12.9, 235.4]"
"[15.4, 17.3, 236.1]","[25.1, 27.6, 234.1]","[29.6, 12.9, 235.2]"
"[15.4, 17.3, 235.9]","[25.1, 27.5, 233.9]","[29.1, 12.9, 235.4]"
"[14.8, 16.8, 235.9]","[24.5, 27.5, 233.4]","[28.5, 13.4, 235.0]"
"[14.3, 17.8, 235.4]","[24.0, 28.7, 234.1]","[28.5, 14.5, 235.0]"
"[13.2, 18.9, 235.4]","[23.4, 29.7, 233.7]","[27.4, 15.1, 235.0]"
"[13.1, 21.1, 234.8]","[22.8, 31.2, 233.0]","[27.2, 17.2, 233.7]"
"[13.2, 21.1, 235.4]","[22.8, 32.4, 233.2]","[27.2, 17.7, 233.7]"
"[13.1, 22.2, 235.0]","[23.4, 32.3, 233.0]","[27.2, 18.2, 233.7]"
"[13.1, 22.1, 234.5]","[23.4, 32.9, 233.0]","[27.3, 18.3, 234.1]"
"[13.7, 22.2, 235.0]","[23.9, 33.4, 233.2]","[27.8, 18.8, 234.1]"
"[14.2, 23.7, 233.9]","[23.8, 34.3, 231.9]","[28.4, 19.9, 233.9]"
"[14.1, 25.8, 233.4]","[23.8, 36.5, 232.1]","[28.2, 22.0, 232.8]"
"[14.2, 27.0, 233.9]","[23.8, 37.6, 231.9]","[28.1, 23.0, 232.1]"
"[14.1, 29.7, 233.4]","[24.3, 39.7, 231.7]","[28.2, 25.2, 232.6]"
"[14.1, 30.2, 233.2]","[24.3, 40.8, 231.7]","[28.8, 26.4, 233.2]"
"[14.7, 31.3, 233.4]","[24.9, 41.4, 232.3]","[28.8, 27.5, 233.2]"
"[15.2, 32.9, 233.2]","[24.9, 43.1, 232.3]","[29.3, 29.0, 232.8]"
"[15.2, 34.0, 233.2]","[25.5, 44.2, 232.6]","[29.4, 30.2, 233.7]"
"[15.3, 34.1, 233.7]","[25.5, 44.2, 232.6]","[29.5, 30.3, 234.1]"
"[15.3, 34.6, 233.7]","[25.5, 44.7, 232.6]","[29.4, 30.2, 233.2]"
"[15.8, 34.6, 233.4]","[26.0, 44.7, 232.6]","[29.4, 30.7, 233.4]"
"[16.4, 35.2, 233.9]","[26.6, 45.3, 232.8]","[30.5, 30.8, 233.7]"
"[16.4, 35.8, 234.3]","[27.2, 45.4, 233.2]","[30.5, 31.3, 233.7]"
"[17.4, 36.2, 233.7]","[27.7, 45.9, 233.0]","[30.5, 31.3, 233.7]"
"[17.5, 36.3, 234.1]","[28.3, 46.0, 233.7]","[31.1, 31.4, 233.9]"
"[18.1, 35.9, 235.0]","[28.3, 46.0, 233.7]","[31.6, 31.3, 233.7]"
"[18.0, 35.7, 233.7]","[28.9, 46.1, 234.1]","[31.6, 31.4, 233.9]"
"[19.2, 35.9, 234.8]","[29.5, 46.1, 234.1]","[32.8, 31.4, 234.3]"
"[19.1, 35.8, 234.5]","[30.0, 45.6, 234.1]","[32.7, 30.8, 233.9]"
"[19.1, 35.8, 234.5]","[30.0, 45.0, 233.9]","[32.7, 30.8, 233.9]"
"[19.1, 35.1, 233.7]","[30.0, 45.0, 234.1]","[32.8, 30.3, 234.3]"
"[19.6, 35.2, 234.1]","[30.5, 44.3, 233.2]","[32.7, 29.1, 233.4]"
"[19.6, 34.1, 233.7]","[30.4, 43.7, 232.8]","[32.7, 28.6, 233.7]"
"[20.7, 32.4, 233.2]","[31.5, 41.5, 232.6]","[33.7, 26.9, 232.8]"
"[20.7, 30.7, 233.2]","[32.0, 40.4, 232.8]","[33.7, 25.3, 233.4]"
"[20.6, 30.1, 232.8]","[31.9, 39.2, 231.7]","[34.8, 24.8, 233.4]"
"[20.6, 29.1, 233.0]","[32.5, 38.2, 232.6]","[34.9, 23.7, 233.7]"
"[21.2, 28.5, 233.2]","[32.6, 37.7, 232.8]","[34.9, 22.6, 233.9]"
"[21.2, 27.5, 233.2]","[31.9, 37.0, 231.9]","[34.8, 22.0, 233.2]"
"[20.7, 26.9, 233.2]","[32.0, 36.6, 232.3]","[34.9, 22.1, 233.7]"
"[19.6, 25.8, 233.2]","[30.4, 35.0, 232.8]","[33.7, 20.9, 233.2]"
"[18.6, 24.8, 234.1]","[29.8, 34.4, 232.3]","[32.7, 19.9, 233.7]"
"[18.0, 23.2, 233.7]","[29.4, 32.4, 233.2]","[31.6, 17.7, 233.7]"
"[18.0, 21.6, 234.1]","[28.7, 31.2, 232.6]","[31.7, 16.1, 234.1]"
"[16.9, 20.0, 234.5]","[28.1, 30.0, 232.1]","[31.0, 14.9, 233.2]"
"[16.9, 19.4, 233.9]","[27.7, 29.1, 233.0]","[30.5, 14.4, 233.7]"
"[16.4, 18.3, 234.1]","[27.2, 28.0, 233.0]","[30.0, 13.3, 233.7]"
"[16.4, 17.7, 234.1]","[26.6, 27.4, 232.8]","[29.4, 12.8, 233.2]"
"[15.8, 17.2, 234.3]","[26.1, 26.9, 233.0]","[29.5, 12.3, 233.9]"
"[15.3, 16.7, 234.3]","[26.1, 26.9, 233.2]","[29.4, 12.3, 233.7]"
"[15.3, 16.7, 234.5]","[26.1, 26.4, 233.2]","[29.5, 11.7, 233.9]"
"[15.9, 16.7, 234.5]","[26.1, 26.9, 232.8]","[29.4, 12.2, 233.2]"
"[15.9, 16.7, 235.0]","[26.1, 26.9, 233.2]","[29.4, 12.2, 233.2]"
"[15.3, 17.3, 235.0]","[26.0, 26.8, 232.6]","[29.5, 12.3, 234.1]"
"[15.3, 16.7, 234.3]","[26.1, 26.9, 232.8]","[29.5, 12.8, 234.1]"
"[15.3, 16.7, 235.0]","[25.6, 26.9, 233.2]","[29.5, 12.3, 234.3]"
"[15.3, 17.2, 234.3]","[25.5, 26.9, 233.0]","[28.4, 12.3, 233.9]"
"[14.8, 16.7, 234.5]","[25.6, 26.9, 233.4]","[28.3, 12.3, 233.7]"
"[14.3, 17.3, 235.4]","[25.0, 26.9, 232.8]","[28.4, 12.8, 233.9]"
"[14.2, 17.3, 235.0]","[25.0, 27.4, 233.0]","[28.4, 12.8, 234.3]"
"[14.3, 17.3, 235.4]","[25.0, 27.5, 233.4]","[28.5, 12.3, 234.8]"
"[14.3, 17.3, 235.2]","[25.0, 26.9, 233.2]","[28.5, 12.9, 234.8]"
"[14.3, 17.3, 235.9]","[24.5, 27.0, 233.9]","[28.4, 12.8, 234.5]"
"[14.3, 16.8, 236.1]","[24.5, 26.9, 233.2]","[28.0, 12.9, 235.4]"
"[14.3, 17.3, 236.3]","[23.9, 26.9, 233.4]","[28.5, 12.9, 235.2]"
"[14.3, 16.8, 236.6]","[24.0, 27.5, 233.7]","[27.4, 12.9, 234.8]"
"[13.2, 17.9, 236.3]","[24.1, 28.2, 234.5]","[27.4, 13.4, 235.0]"
"[13.2, 18.4, 235.4]","[22.9, 28.6, 233.9]","[26.8, 14.5, 234.3]"
"[12.1, 20.1, 236.1]","[22.3, 29.7, 233.4]","[26.2, 15.6, 234.5]"
"[12.1, 20.0, 235.4]","[21.8, 29.7, 233.9]","[26.2, 15.6, 234.3]"
"[12.1, 20.1, 235.9]","[22.3, 30.1, 233.0]","[26.3, 15.6, 235.2]"
"[12.1, 20.5, 235.0]","[22.3, 30.2, 233.2]","[26.2, 16.1, 234.5]"
"[12.1, 21.2, 235.9]","[22.3, 30.7, 233.4]","[26.2, 16.7, 234.5]"
"[12.1, 21.6, 235.0]","[22.8, 32.3, 232.8]","[26.2, 17.7, 234.1]"
"[12.0, 22.7, 234.5]","[22.8, 32.9, 233.0]","[26.2, 18.8, 234.1]"
"[12.0, 23.8, 234.8]","[22.7, 33.9, 232.3]","[26.1, 18.8, 233.4]"
"[12.5, 24.3, 233.9]","[22.8, 35.0, 232.8]","[26.1, 20.4, 233.4]"
"[12.6, 27.0, 234.1]","[22.7, 37.6, 232.1]","[26.6, 22.5, 232.8]"
"[12.5, 28.6, 233.7]","[23.3, 38.7, 232.3]","[27.2, 24.2, 233.0]"
"[13.6, 31.4, 233.9]","[23.8, 41.4, 232.3]","[27.2, 26.9, 233.0]"
"[14.2, 33.0, 233.9]","[24.4, 43.1, 232.3]","[27.7, 28.5, 232.8]"
"[14.2, 35.2, 233.9]","[24.9, 45.3, 232.6]","[28.2, 30.6, 232.3]"
"[14.7, 36.2, 233.2]","[25.0, 46.4, 232.8]","[28.2, 32.3, 232.8]"
"[14.7, 37.9, 233.7]","[25.6, 47.6, 233.2]","[28.3, 33.5, 233.4]"
"[14.7, 38.5, 234.1]","[25.6, 48.1, 233.2]","[28.3, 33.5, 233.7]"
"[15.3, 38.5, 234.3]","[25.6, 48.1, 233.2]","[28.9, 33.6, 234.1]"
"[15.3, 38.6, 234.8]","[26.2, 48.2, 233.7]","[29.5, 33.6, 234.5]"
"[15.9, 38.6, 235.0]","[26.8, 48.4, 234.5]","[29.5, 34.1, 234.1]"
"[15.9, 38.5, 234.5]","[27.3, 48.4, 234.5]","[29.5, 34.1, 234.1]"
"[16.5, 38.7, 235.4]","[27.3, 48.3, 234.1]","[29.5, 33.5, 233.9]"
"[16.4, 38.7, 235.2]","[27.3, 48.3, 233.9]","[30.2, 33.2, 235.2]"
"[17.0, 38.6, 235.0]","[27.8, 47.7, 233.9]","[30.6, 33.1, 234.5]"
"[17.5, 38.1, 235.2]","[28.9, 47.2, 233.9]","[30.7, 32.6, 235.2]"
"[17.5, 37.5, 234.8]","[29.5, 46.1, 233.9]","[31.3, 31.6, 235.4]"
"[18.1, 37.0, 234.8]","[29.5, 45.6, 234.3]","[31.8, 31.0, 235.0]"
"[18.6, 35.3, 234.8]","[29.9, 43.8, 233.4]","[31.6, 29.1, 233.7]"
"[18.6, 34.1, 234.3]","[29.9, 42.6, 233.0]","[31.6, 28.1, 233.7]"
"[18.6, 32.5, 234.1]","[29.9, 41.1, 233.2]","[31.6, 26.4, 233.9]"
"[18.5, 29.1, 233.7]","[30.4, 38.2, 232.6]","[31.6, 23.2, 233.9]"
"[18.6, 27.6, 234.3]","[29.8, 36.6, 232.6]","[31.7, 22.1, 234.3]"
"[18.5, 27.0, 233.9]","[29.3, 35.6, 232.8]","[31.7, 20.5, 234.1]"
"[17.5, 25.5, 234.8]","[28.3, 34.0, 233.0]","[30.5, 19.3, 233.7]"
"[15.9, 23.8, 234.5]","[27.2, 33.5, 233.7]","[29.5, 18.3, 234.3]"
"[14.8, 23.4, 235.7]","[26.2, 32.4, 233.7]","[28.4, 17.7, 234.3]"
"[14.3, 23.3, 235.2]","[25.6, 31.8, 233.4]","[27.9, 17.2, 234.5]"
"[13.7, 21.7, 235.7]","[24.5, 30.7, 233.2]","[27.4, 16.1, 234.8]"
"[13.2, 21.2, 236.1]","[24.0, 30.3, 233.9]","[26.2, 15.6, 234.5]"
"[13.2, 20.7, 236.6]","[23.9, 29.7, 233.4]","[26.3, 14.5, 235.0]"
"[12.1, 19.0, 235.7]","[24.0, 28.1, 234.1]","[26.3, 13.4, 235.0]"
"[12.6, 17.9, 235.9]","[24.0, 27.5, 233.7]","[26.3, 12.3, 235.4]"
"[12.1, 17.3, 235.9]","[22.9, 27.0, 233.9]","[25.2, 12.3, 235.2]"
"[12.1, 17.4, 236.8]","[22.9, 26.5, 234.1]","[25.9, 11.8, 235.9]"
"[12.7, 16.8, 236.1]","[22.9, 26.4, 233.4]","[25.8, 11.8, 235.0]"
"[13.2, 16.8, 236.6]","[23.0, 26.5, 234.5]","[26.4, 11.8, 235.9]"
"[12.7, 16.8, 237.0]","[23.5, 26.4, 233.9]","[26.3, 11.8, 235.2]"
"[12.1, 17.3, 236.3]","[22.9, 26.5, 234.1]","[26.4, 12.4, 235.7]"
"[12.1, 17.9, 236.6]","[23.0, 27.1, 234.5]","[26.3, 12.9, 235.4]"
"[12.1, 17.9, 236.6]","[22.9, 27.0, 234.3]","[26.4, 12.9, 236.1]"
"[12.2, 18.0, 237.2]","[22.9, 27.6, 234.1]","[26.4, 12.9, 235.9]"
"[12.2, 18.0, 237.0]","[22.9, 27.5, 233.9]","[25.8, 13.4, 235.2]"
"[12.2, 18.0, 237.9]","[22.9, 27.5, 233.9]","[25.8, 12.9, 235.7]"
"[12.1, 17.9, 236.6]","[23.0, 27.6, 234.5]","[25.3, 12.9, 236.1]"
"[12.1, 17.9, 236.6]","[22.5, 27.7, 235.0]","[25.8, 12.9, 235.0]"
"[12.1, 17.9, 236.3]","[23.0, 27.6, 234.5]","[25.9, 12.9, 235.9]"
"[12.1, 17.9, 236.3]","[23.0, 27.6, 234.8]","[25.2, 12.9, 235.4]"
"[12.1, 17.9, 236.6]","[22.9, 27.6, 234.3]","[25.9, 12.9, 235.9]"
"[12.1, 17.9, 236.3]","[22.9, 27.6, 234.1]","[25.3, 12.9, 236.1]"
"[12.2, 18.5, 237.0]","[22.4, 27.6, 234.1]","[25.2, 13.4, 234.5]"
"[11.6, 17.9, 236.8]","[21.8, 28.1, 233.9]","[25.2, 13.4, 235.0]"
"[12.2, 18.5, 237.5]","[21.9, 28.1, 234.3]","[25.3, 13.5, 235.9]"
"[11.0, 19.6, 236.8]","[21.3, 29.2, 233.9]","[25.2, 14.5, 235.2]"
"[11.0, 20.1, 236.1]","[21.3, 29.7, 233.7]","[24.2, 15.1, 235.7]"
"[10.5, 20.7, 236.6]","[20.8, 30.3, 234.3]","[24.2, 15.7, 235.7]"
"[9.9, 21.7, 236.1]","[20.7, 31.4, 233.9]","[24.1, 16.7, 235.0]"
"[9.9, 22.2, 235.4]","[20.7, 31.8, 233.4]","[23.5, 17.2, 234.8]"
"[11.0, 22.8, 235.4]","[21.7, 32.8, 232.8]","[24.5, 18.3, 233.9]"
"[10.9, 23.2, 234.5]","[21.7, 33.4, 233.2]","[25.1, 18.8, 233.9]"
"[10.9, 24.4, 234.8]","[21.7, 34.0, 233.0]","[25.1, 19.4, 234.3]"
"[11.5, 26.6, 235.2]","[21.6, 36.0, 232.1]","[25.0, 21.5, 233.4]"
"[11.5, 28.2, 234.8]","[22.2, 37.1, 232.1]","[25.0, 23.1, 233.2]"
"[12.0, 29.2, 234.1]","[22.8, 38.8, 232.6]","[25.6, 24.2, 233.4]"
"[12.0, 30.2, 233.7]","[22.7, 39.8, 232.1]","[26.1, 25.2, 232.8]"
"[12.5, 30.7, 233.4]","[23.3, 40.4, 232.6]","[26.1, 26.3, 233.0]"
"[13.1, 32.9, 233.4]","[23.9, 42.6, 232.8]","[26.6, 28.0, 232.8]"
"[13.7, 33.6, 234.3]","[23.8, 43.1, 232.3]","[27.3, 28.6, 233.9]"
"[13.1, 34.7, 234.1]","[24.4, 43.7, 232.8]","[27.1, 29.6, 232.8]"
"[14.2, 35.7, 233.9]","[25.0, 45.4, 233.2]","[27.2, 30.7, 233.0]"
"[14.2, 36.4, 234.8]","[24.9, 45.2, 231.9]","[27.8, 30.8, 233.7]"
"[14.2, 37.4, 233.9]","[25.5, 46.5, 233.0]","[27.7, 31.8, 233.2]"
"[14.7, 37.4, 234.1]","[25.6, 46.5, 233.4]","[28.3, 32.4, 233.7]"
"[14.7, 38.0, 234.3]","[26.1, 47.0, 233.2]","[28.2, 32.3, 232.6]"
"[15.3, 37.9, 233.9]","[26.1, 47.0, 232.8]","[28.3, 33.0, 233.7]"
"[15.3, 38.0, 234.3]","[26.7, 47.1, 233.7]","[28.9, 32.5, 234.1]"
"[15.9, 38.0, 234.8]","[26.7, 47.2, 233.9]","[29.0, 32.5, 234.3]"
"[15.8, 38.0, 234.3]","[27.2, 47.1, 233.7]","[29.5, 32.5, 234.5]"
"[16.4, 38.1, 235.0]","[27.8, 47.1, 233.7]","[29.5, 33.0, 234.3]"
"[16.4, 38.0, 234.3]","[27.7, 47.0, 233.2]","[29.4, 32.4, 233.7]"
"[16.9, 37.4, 234.3]","[28.4, 46.7, 234.1]","[30.0, 31.3, 233.7]"
"[17.5, 37.5, 234.8]","[28.9, 46.1, 233.9]","[30.6, 31.4, 234.5]"
"[18.0, 36.3, 234.3]","[29.4, 44.9, 233.4]","[31.7, 30.3, 234.5]"
"[18.6, 35.8, 234.1]","[29.9, 44.3, 233.2]","[31.7, 29.2, 234.5]"
"[19.1, 34.1, 234.1]","[30.5, 43.2, 233.2]","[31.6, 28.6, 233.7]"
"[20.2, 31.9, 233.9]","[31.5, 41.0, 233.0]","[32.6, 26.4, 233.2]"
"[19.6, 30.3, 233.9]","[31.5, 38.8, 232.8]","[33.3, 24.3, 233.9]"
"[20.1, 29.6, 233.0]","[31.5, 38.3, 233.0]","[33.2, 23.7, 233.4]"
"[19.6, 28.0, 233.4]","[31.5, 37.2, 232.8]","[33.3, 22.1, 233.9]"
"[19.6, 27.0, 233.7]","[31.1, 36.2, 233.7]","[33.2, 21.5, 233.2]"
"[19.1, 26.4, 233.9]","[31.0, 35.1, 233.4]","[32.7, 20.4, 233.9]"
"[18.6, 24.4, 235.0]","[30.0, 33.0, 233.7]","[31.7, 18.3, 234.5]"
"[18.1, 23.3, 235.4]","[29.4, 31.8, 233.4]","[31.8, 16.7, 235.0]"
"[17.6, 20.1, 235.7]","[29.5, 29.2, 234.1]","[31.2, 14.5, 234.8]"
"[17.6, 19.0, 235.9]","[29.5, 28.7, 234.1]","[31.2, 13.4, 234.8]"
"[17.6, 18.4, 235.4]","[28.4, 27.5, 233.9]","[30.6, 12.8, 234.3]"
"[16.5, 17.9, 236.1]","[27.2, 27.5, 233.2]","[29.6, 12.3, 235.4]"
"[16.5, 18.4, 236.1]","[27.3, 27.5, 233.9]","[29.6, 12.9, 235.2]"
"[15.4, 17.8, 235.4]","[27.3, 27.6, 234.1]","[29.6, 12.9, 235.0]"
"[15.4, 17.9, 236.1]","[26.7, 27.0, 233.9]","[29.6, 12.3, 235.0]"
"[15.3, 17.3, 235.0]","[26.1, 26.9, 233.4]","[29.5, 12.3, 234.5]"
"[14.8, 16.2, 235.9]","[26.2, 25.9, 233.7]","[28.6, 11.3, 236.1]"
"[14.8, 16.2, 235.9]","[26.1, 25.8, 233.0]","[28.4, 11.7, 234.5]"
"[15.4, 16.8, 235.9]","[25.6, 25.8, 233.2]","[28.5, 11.2, 235.4]"
"[15.5, 16.8, 236.8]","[26.2, 26.4, 233.7]","[28.7, 11.3, 236.3]"
"[15.4, 17.3, 235.9]","[25.6, 26.4, 233.4]","[28.5, 11.8, 234.8]"
"[15.4, 17.3, 236.3]","[25.6, 26.4, 233.7]","[28.6, 11.8, 235.7]"
"[15.4, 17.4, 236.6]","[26.2, 27.0, 234.1]","[28.5, 11.8, 235.4]"
"[15.4, 17.4, 236.6]","[25.6, 27.0, 233.7]","[28.6, 12.4, 236.1]"
"[15.4, 17.9, 235.9]","[25.7, 27.0, 234.3]","[28.5, 12.9, 235.2]"
"[15.4, 17.9, 236.6]","[25.6, 27.5, 233.9]","[28.5, 12.9, 235.0]"
"[15.5, 17.9, 236.8]","[25.7, 27.0, 234.3]","[28.4, 12.8, 234.5]"
"[15.5, 17.4, 237.5]","[25.7, 27.6, 234.3]","[28.6, 12.9, 235.7]"
"[15.5, 18.0, 237.2]","[25.1, 27.6, 234.3]","[28.5, 12.9, 235.4]"
"[14.9, 17.9, 236.3]","[25.1, 27.6, 234.3]","[28.6, 12.9, 235.9]"
"[14.9, 17.9, 236.1]","[25.1, 27.6, 234.1]","[28.6, 12.9, 235.9]"
"[14.4, 17.4, 236.8]","[25.1, 27.6, 234.3]","[28.6, 12.9, 236.1]"
"[14.4, 17.9, 236.8]","[25.1, 27.6, 234.3]","[28.6, 12.9, 235.9]"
"[14.3, 17.9, 235.9]","[25.1, 27.6, 234.3]","[28.1, 13.5, 236.1]"
"[14.4, 18.5, 237.5]","[24.6, 28.2, 234.8]","[27.5, 13.5, 236.1]"
"[14.4, 18.5, 237.0]","[24.1, 28.2, 234.5]","[27.5, 14.0, 235.9]"
"[13.2, 19.0, 236.6]","[24.0, 29.2, 234.3]","[27.5, 14.6, 236.1]"
"[13.3, 19.6, 237.0]","[23.5, 29.8, 234.5]","[27.4, 15.1, 235.4]"
"[13.2, 20.7, 236.6]","[24.0, 30.3, 234.3]","[27.0, 15.7, 235.9]"
"[13.2, 21.2, 236.6]","[23.5, 30.8, 234.1]","[26.3, 16.1, 234.8]"
"[13.2, 21.7, 235.9]","[23.9, 31.3, 233.4]","[26.2, 16.7, 234.5]"
"[13.2, 22.3, 235.9]","[23.9, 31.8, 233.4]","[26.7, 17.2, 234.1]"
"[13.2, 22.8, 235.2]","[23.9, 32.4, 233.2]","[26.8, 17.8, 234.5]"
"[13.2, 23.3, 235.2]","[24.0, 33.0, 233.9]","[27.3, 18.3, 234.1]"
"[14.3, 24.5, 235.7]","[24.5, 34.0, 233.2]","[27.8, 19.4, 234.1]"
"[15.3, 26.5, 234.3]","[26.1, 36.1, 233.0]","[28.9, 21.5, 233.9]"
"[16.9, 28.6, 233.9]","[27.2, 38.9, 233.2]","[30.6, 24.3, 234.1]"
"[17.5, 30.9, 234.5]","[28.3, 40.5, 233.2]","[31.0, 25.8, 233.2]"
"[18.6, 33.0, 234.1]","[29.4, 43.3, 233.4]","[32.1, 28.0, 233.2]"
"[18.5, 34.1, 233.9]","[29.4, 43.9, 233.7]","[32.8, 29.2, 234.3]"
"[19.2, 34.8, 235.0]","[30.0, 44.4, 233.7]","[32.8, 29.7, 234.1]"
"[19.7, 35.9, 235.2]","[30.7, 45.2, 234.8]","[32.8, 30.3, 234.5]"
"[19.7, 35.9, 234.8]","[31.1, 45.1, 234.3]","[32.9, 31.0, 235.4]"
"[20.3, 37.0, 235.2]","[31.2, 45.7, 234.5]","[33.4, 31.5, 235.0]"
"[20.3, 37.1, 235.7]","[31.8, 46.3, 234.8]","[33.5, 31.6, 235.4]"
"[20.3, 37.1, 235.7]","[31.8, 46.3, 234.8]","[33.6, 31.7, 236.1]"
"[20.9, 37.2, 236.3]","[31.8, 46.3, 235.0]","[34.0, 31.6, 235.4]"
"[21.0, 37.3, 236.8]","[31.9, 46.4, 235.7]","[34.2, 31.7, 236.3]"
"[20.9, 37.7, 236.1]","[31.9, 46.4, 235.7]","[34.2, 31.7, 236.3]"
"[20.9, 37.7, 235.9]","[31.8, 46.3, 235.2]","[34.1, 31.7, 236.1]"
"[20.9, 37.2, 236.1]","[32.4, 45.8, 235.4]","[34.2, 31.2, 236.6]"
"[21.5, 36.7, 236.6]","[32.4, 45.3, 235.4]","[34.0, 30.4, 235.0]"
"[20.9, 35.4, 235.4]","[32.9, 44.1, 235.2]","[33.9, 29.3, 234.8]"
"[21.4, 32.6, 235.0]","[32.8, 41.3, 234.5]","[34.4, 26.5, 234.3]"
"[21.4, 31.5, 235.0]","[32.7, 40.1, 233.9]","[34.5, 24.9, 234.8]"
"[21.4, 29.9, 235.2]","[32.8, 38.5, 234.1]","[34.5, 23.8, 235.0]"
"[21.3, 27.6, 234.1]","[32.2, 36.3, 234.1]","[33.9, 21.6, 234.8]"
"[20.2, 25.9, 233.9]","[31.7, 35.2, 234.1]","[33.5, 20.6, 235.2]"
"[19.7, 25.5, 235.2]","[30.6, 34.1, 234.1]","[32.8, 19.4, 234.5]"
"[18.7, 24.4, 235.4]","[29.6, 33.1, 234.8]","[31.8, 18.4, 235.2]"
"[17.2, 22.4, 237.5]","[28.3, 31.3, 233.7]","[30.7, 16.7, 235.0]"
"[17.0, 20.6, 235.9]","[27.9, 29.3, 235.0]","[30.2, 14.5, 235.4]"
"[16.5, 19.6, 236.6]","[27.9, 28.7, 234.8]","[30.3, 14.0, 236.3]"
"[16.6, 18.6, 237.9]","[27.4, 27.6, 234.8]","[29.7, 12.9, 235.7]"
"[16.1, 17.5, 238.2]","[27.3, 27.1, 234.5]","[29.9, 12.5, 237.5]"
"[15.5, 16.9, 237.5]","[26.3, 26.0, 235.0]","[28.7, 11.3, 236.6]"
"[15.5, 16.9, 237.7]","[25.7, 25.4, 234.1]","[28.7, 11.3, 236.3]"
"[14.4, 16.3, 237.7]","[25.8, 25.5, 235.4]","[28.0, 10.7, 235.7]"
"[14.4, 15.8, 237.7]","[25.2, 25.5, 235.0]","[28.6, 10.7, 236.1]"
"[14.4, 16.3, 237.5]","[25.8, 25.5, 235.2]","[28.1, 11.3, 236.6]"
"[14.4, 16.3, 237.7]","[25.2, 25.5, 235.2]","[28.1, 11.3, 236.1]"
"[14.4, 16.3, 237.0]","[25.2, 26.0, 235.0]","[28.5, 11.2, 235.4]"
"[14.4, 16.3, 237.5]","[25.2, 26.0, 234.5]","[28.2, 11.3, 237.0]"
"[14.4, 16.3, 237.0]","[25.1, 25.9, 234.3]","[28.0, 11.3, 235.7]"
"[14.4, 16.3, 237.5]","[25.2, 25.5, 234.8]","[28.1, 10.7, 236.6]"
"[14.4, 16.3, 237.5]","[25.3, 25.6, 236.3]","[27.7, 10.8, 237.2]"
"[14.4, 16.4, 238.4]","[25.2, 26.0, 235.2]","[27.6, 11.3, 236.6]"
"[14.4, 16.3, 237.7]","[24.1, 26.0, 234.8]","[27.5, 11.3, 236.3]"
"[13.3, 16.4, 238.6]","[24.1, 26.0, 234.8]","[27.7, 11.3, 237.2]"
"[13.3, 16.4, 238.2]","[24.1, 26.0, 235.0]","[27.6, 11.3, 237.0]"
"[13.3, 16.4, 238.2]","[24.1, 26.0, 235.2]","[27.6, 11.9, 236.8]"
"[13.3, 16.9, 238.2]","[24.2, 26.1, 235.4]","[27.6, 11.9, 236.6]"
"[13.3, 18.0, 237.7]","[24.0, 27.6, 234.3]","[26.4, 12.9, 236.1]"
"[12.1, 19.6, 236.8]","[23.0, 29.2, 234.5]","[25.3, 14.6, 235.9]"
"[12.2, 20.2, 237.5]","[21.9, 29.8, 234.5]","[25.2, 15.1, 235.4]"
"[11.6, 21.2, 236.6]","[22.4, 30.8, 234.1]","[25.3, 16.2, 236.3]"
"[12.2, 21.8, 237.2]","[22.9, 31.4, 234.1]","[25.2, 16.7, 234.8]"
"[12.1, 22.9, 236.3]","[22.9, 32.5, 234.3]","[25.8, 17.3, 235.2]"
"[12.1, 23.4, 235.7]","[22.9, 32.9, 233.4]","[25.7, 18.9, 234.5]"
"[12.1, 24.9, 235.0]","[22.9, 34.6, 233.7]","[25.7, 20.0, 234.5]"
"[12.0, 28.1, 234.3]","[22.9, 37.9, 233.7]","[26.2, 23.2, 234.1]"
"[12.5, 29.1, 233.7]","[22.9, 39.6, 234.1]","[26.2, 24.8, 233.7]"
"[13.1, 31.4, 234.5]","[23.5, 40.7, 234.1]","[26.1, 26.4, 233.2]"
"[13.1, 31.9, 233.7]","[23.4, 42.2, 233.7]","[26.6, 27.4, 233.0]"
"[13.7, 33.6, 234.3]","[24.5, 43.9, 233.9]","[27.2, 29.6, 233.0]"
"[14.2, 35.3, 234.5]","[25.0, 44.4, 233.4]","[27.9, 29.8, 234.3]"
"[14.7, 35.8, 234.1]","[25.1, 45.5, 233.9]","[28.4, 30.8, 234.1]"
"[14.8, 37.0, 235.2]","[25.6, 46.1, 233.9]","[28.4, 32.0, 234.3]"
"[15.3, 38.6, 235.0]","[26.2, 48.4, 234.3]","[28.9, 33.6, 234.1]"
"[15.3, 39.7, 234.8]","[26.2, 49.5, 234.5]","[29.0, 34.7, 234.5]"
"[15.3, 40.2, 234.8]","[26.3, 49.5, 234.8]","[28.4, 34.7, 234.3]"
"[15.4, 40.3, 235.2]","[26.2, 49.9, 234.1]","[28.9, 35.2, 234.1]"
"[15.4, 40.3, 235.2]","[26.3, 50.1, 234.8]","[29.0, 35.3, 235.0]"
"[16.0, 40.5, 236.1]","[26.9, 50.2, 235.2]","[29.5, 35.3, 234.5]"
"[16.6, 41.1, 236.8]","[26.9, 50.3, 235.7]","[29.5, 35.2, 234.1]"
"[16.5, 40.5, 236.6]","[27.4, 49.7, 235.4]","[30.1, 34.8, 234.8]"
"[17.0, 38.6, 235.0]","[27.9, 48.5, 234.8]","[30.7, 33.7, 235.0]"
"[17.6, 38.2, 235.9]","[28.4, 47.3, 234.5]","[30.7, 32.6, 234.8]"
"[17.5, 37.0, 235.0]","[29.0, 46.3, 235.0]","[31.1, 31.4, 234.3]"
"[18.1, 35.3, 234.8]","[29.0, 44.5, 234.3]","[31.7, 29.8, 234.3]"
"[18.6, 32.5, 234.3]","[30.0, 41.7, 233.9]","[31.7, 26.5, 234.3]"
"[18.6, 30.9, 234.3]","[29.9, 40.0, 233.4]","[31.7, 25.4, 234.1]"
"[18.6, 29.7, 234.1]","[29.4, 39.0, 233.7]","[31.6, 24.2, 233.7]"
"[18.6, 29.2, 234.3]","[29.5, 37.9, 234.1]","[31.7, 23.2, 234.3]"
"[18.0, 28.1, 234.3]","[29.5, 37.4, 233.9]","[31.6, 22.6, 233.9]"
"[17.0, 26.0, 235.2]","[28.3, 35.7, 233.7]","[30.6, 21.0, 234.5]"
"[17.0, 25.5, 234.8]","[28.4, 34.7, 234.3]","[30.2, 20.0, 235.2]"
"[16.5, 25.0, 235.9]","[27.8, 33.5, 233.7]","[30.1, 18.9, 234.8]"
"[16.5, 23.4, 236.3]","[27.9, 32.5, 234.3]","[30.1, 17.8, 234.8]"
"[16.5, 19.6, 236.6]","[27.3, 29.2, 233.9]","[29.7, 14.0, 235.9]"
"[16.6, 19.1, 237.0]","[27.4, 28.2, 234.8]","[29.8, 13.5, 236.3]"
"[15.4, 18.5, 236.6]","[26.7, 28.1, 233.9]","[29.0, 13.4, 235.0]"
"[15.4, 19.0, 236.1]","[26.2, 28.1, 234.1]","[28.6, 13.5, 235.7]"
"[14.3, 19.0, 236.1]","[25.7, 28.1, 234.1]","[27.4, 13.4, 235.2]"
"[14.4, 18.0, 237.2]","[25.1, 27.6, 234.1]","[27.3, 12.8, 234.5]"
"[14.4, 17.9, 236.8]","[25.0, 26.9, 233.4]","[27.4, 12.3, 235.0]"
"[14.4, 17.4, 237.5]","[25.1, 26.5, 234.3]","[27.5, 12.4, 235.9]"
"[14.4, 17.4, 237.5]","[25.2, 26.5, 234.5]","[27.4, 12.3, 235.4]"
"[14.4, 17.4, 236.8]","[25.2, 27.1, 234.8]","[27.4, 12.3, 235.4]"
"[14.4, 17.9, 236.8]","[25.1, 27.0, 234.3]","[27.4, 12.9, 235.4]"
"[14.3, 17.9, 236.6]","[25.2, 27.6, 234.5]","[27.4, 12.9, 235.4]"
"[14.3, 17.9, 236.6]","[25.2, 27.6, 234.5]","[27.5, 12.9, 236.3]"
"[14.3, 17.9, 236.3]","[25.2, 27.1, 234.5]","[28.6, 12.9, 235.9]"
"[14.4, 18.0, 237.5]","[25.2, 27.1, 234.8]","[28.1, 12.9, 236.1]"
"[14.4, 18.0, 237.7]","[25.2, 27.6, 234.5]","[28.6, 12.9, 235.7]"
"[14.4, 18.5, 237.2]","[25.2, 28.2, 234.5]","[28.2, 13.0, 236.8]"
"[14.3, 18.5, 236.3]","[25.2, 28.2, 234.5]","[27.5, 13.5, 235.9]"
"[14.4, 18.6, 238.2]","[24.6, 28.2, 234.8]","[27.5, 13.5, 235.9]"
"[13.9, 18.6, 237.7]","[24.6, 28.2, 234.5]","[27.6, 14.1, 237.0]"
"[13.8, 19.1, 237.5]","[24.0, 28.1, 234.3]","[27.5, 14.0, 236.1]"
"[13.3, 18.6, 237.9]","[24.2, 28.8, 235.4]","[27.5, 14.0, 236.3]"
"[13.3, 19.1, 237.7]","[24.1, 28.8, 235.0]","[27.0, 14.0, 236.3]"
"[13.3, 19.1, 237.5]","[23.6, 28.2, 235.0]","[27.0, 14.0, 235.9]"
"[13.3, 19.1, 237.0]","[23.6, 28.2, 235.0]","[26.5, 14.1, 236.6]"
"[13.3, 19.1, 237.9]","[23.6, 28.8, 235.0]","[26.3, 14.0, 235.2]"
"[13.3, 19.7, 237.9]","[23.6, 28.8, 235.0]","[26.4, 14.6, 236.1]"
"[12.7, 19.6, 237.2]","[22.9, 29.7, 234.1]","[26.4, 15.1, 236.1]"
"[12.1, 20.7, 236.6]","[23.0, 31.0, 235.2]","[25.8, 16.2, 235.7]"
"[11.6, 21.8, 236.6]","[22.4, 31.4, 234.5]","[25.3, 17.3, 235.9]"
"[11.0, 22.3, 236.3]","[21.3, 32.0, 234.5]","[25.2, 18.4, 235.4]"
"[11.0, 24.0, 237.0]","[21.3, 33.6, 234.5]","[24.2, 19.0, 235.7]"
"[10.5, 25.2, 237.5]","[21.3, 34.7, 234.5]","[24.2, 20.0, 235.4]"
"[11.0, 25.6, 236.1]","[21.9, 35.2, 234.3]","[24.1, 20.5, 235.0]"
"[10.9, 27.6, 234.3]","[21.3, 37.3, 233.7]","[24.6, 22.7, 234.3]"
"[11.0, 28.8, 235.0]","[21.8, 38.4, 233.7]","[24.1, 23.8, 234.5]"
"[10.9, 29.7, 233.9]","[21.3, 39.5, 233.9]","[24.6, 25.4, 234.5]"
"[10.9, 30.9, 234.5]","[21.8, 40.7, 234.1]","[25.1, 25.9, 234.3]"
"[12.0, 31.4, 234.1]","[22.9, 41.1, 233.7]","[25.7, 26.5, 234.1]"
"[12.6, 32.0, 234.3]","[23.4, 41.1, 233.2]","[26.2, 27.0, 233.9]"
"[12.6, 32.0, 234.5]","[23.4, 41.1, 233.2]","[26.2, 26.5, 234.5]"
"[13.1, 32.6, 235.0]","[24.0, 41.7, 233.7]","[26.4, 26.7, 235.7]"
"[12.0, 32.5, 234.3]","[23.4, 41.6, 233.2]","[25.7, 27.0, 234.3]"
"[12.1, 32.6, 235.0]","[22.9, 42.2, 233.4]","[25.2, 27.6, 234.5]"
"[12.1, 33.1, 235.0]","[23.5, 42.3, 233.9]","[25.8, 27.7, 235.2]"
"[12.6, 33.6, 234.1]","[23.4, 42.8, 233.7]","[25.7, 28.2, 234.5]"
"[12.6, 34.2, 234.5]","[24.1, 44.0, 234.5]","[26.4, 28.8, 235.7]"
"[13.1, 34.1, 234.3]","[24.0, 43.4, 233.9]","[26.3, 28.8, 235.4]"
"[13.2, 34.3, 235.4]","[24.6, 43.4, 234.1]","[26.3, 28.8, 235.4]"
"[13.1, 35.3, 234.5]","[24.6, 44.5, 234.1]","[27.0, 30.0, 236.3]"
"[13.7, 36.5, 235.2]","[25.1, 45.5, 233.9]","[26.3, 31.0, 235.4]"
"[13.2, 37.0, 235.2]","[25.2, 45.7, 234.8]","[27.0, 31.1, 235.9]"
"[13.7, 37.5, 235.0]","[25.1, 46.2, 234.3]","[27.5, 31.7, 236.1]"
"[14.3, 37.6, 235.2]","[25.2, 46.3, 235.2]","[27.1, 31.2, 237.0]"
"[14.3, 37.1, 235.9]","[25.2, 46.3, 235.0]","[27.0, 31.7, 236.3]"
"[14.3, 37.6, 235.4]","[25.8, 46.3, 235.0]","[27.7, 31.8, 237.5]"
"[14.2, 37.5, 235.0]","[26.4, 46.5, 235.9]","[28.3, 31.3, 237.7]"
"[15.4, 37.2, 236.1]","[26.3, 45.8, 235.4]","[28.7, 31.2, 236.8]"
"[16.1, 36.4, 238.2]","[27.5, 44.9, 236.1]","[29.4, 30.2, 237.5]"
"[17.1, 34.0, 237.2]","[28.6, 42.0, 235.7]","[30.5, 28.0, 238.2]"
"[17.1, 32.9, 237.0]","[28.5, 41.4, 235.4]","[30.5, 26.9, 238.2]"
"[17.1, 30.1, 237.2]","[28.4, 39.1, 234.5]","[31.2, 24.8, 238.6]"
"[17.1, 29.0, 236.6]","[28.5, 38.1, 235.2]","[30.5, 23.6, 237.7]"
"[16.6, 26.8, 237.2]","[27.4, 35.9, 235.2]","[29.8, 21.8, 237.0]"
"[16.5, 26.8, 236.6]","[27.4, 35.4, 235.4]","[29.8, 20.7, 236.3]"
"[15.4, 25.1, 236.6]","[26.8, 34.2, 235.0]","[28.7, 19.6, 236.8]"
"[14.4, 24.1, 237.7]","[25.8, 33.2, 235.4]","[27.5, 18.5, 236.3]"
"[13.3, 24.2, 238.4]","[25.3, 32.7, 235.7]","[27.1, 18.0, 237.5]"
"[13.3, 23.1, 238.6]","[24.3, 32.3, 236.6]","[26.1, 17.5, 237.9]"
"[13.3, 23.1, 238.6]","[24.3, 32.3, 236.8]","[26.6, 17.5, 237.9]"
"[12.8, 22.5, 238.6]","[24.2, 32.2, 235.9]","[26.7, 17.5, 238.2]"
"[12.8, 22.6, 239.1]","[23.7, 31.7, 236.6]","[26.6, 17.5, 237.9]"
"[12.8, 22.0, 238.9]","[23.7, 31.1, 236.1]","[26.7, 16.9, 238.4]"
"[12.2, 20.8, 238.4]","[23.1, 30.6, 236.3]","[26.1, 15.8, 238.4]"
"[12.2, 20.3, 238.4]","[23.1, 30.0, 236.1]","[26.1, 15.3, 238.4]"
"[12.2, 20.2, 237.9]","[23.2, 29.0, 236.6]","[25.5, 14.7, 237.5]"
"[12.3, 19.8, 239.3]","[22.7, 28.5, 237.0]","[25.5, 14.1, 237.7]"
"[11.1, 19.2, 238.9]","[22.6, 28.9, 236.1]","[25.5, 14.2, 238.2]"
"[11.1, 19.2, 238.6]","[22.0, 28.8, 235.7]","[25.4, 14.1, 237.2]"
"[11.1, 19.8, 238.9]","[22.1, 29.0, 236.8]","[24.9, 14.1, 237.5]"
"[11.1, 18.6, 238.4]","[22.0, 28.3, 235.9]","[24.4, 13.6, 238.2]"
"[11.1, 18.7, 238.9]","[21.5, 27.8, 235.9]","[24.4, 13.0, 237.5]"
"[11.2, 18.7, 239.3]","[22.0, 27.8, 236.1]","[24.4, 13.0, 237.5]"
"[11.1, 18.7, 239.1]","[22.0, 27.8, 235.9]","[23.9, 13.1, 238.4]"
"[10.6, 18.7, 239.3]","[21.5, 27.8, 236.3]","[24.3, 13.0, 237.0]"
"[11.1, 19.2, 239.1]","[21.4, 28.3, 235.7]","[24.3, 13.5, 237.0]"
"[11.2, 19.2, 239.3]","[21.5, 28.3, 235.9]","[24.3, 13.5, 236.8]"
"[11.1, 18.5, 237.2]","[22.0, 28.3, 235.9]","[24.3, 13.5, 237.2]"
"[11.1, 18.5, 237.2]","[22.0, 28.3, 236.1]","[24.3, 13.0, 236.6]"
"[11.1, 18.6, 238.6]","[21.4, 28.3, 235.7]","[24.3, 13.5, 237.2]"
"[11.1, 18.6, 238.2]","[21.9, 28.2, 234.8]","[24.3, 13.5, 236.6]"
"[11.1, 18.6, 237.7]","[21.9, 28.2, 235.2]","[24.2, 13.5, 236.3]"
"[11.0, 18.5, 237.0]","[22.0, 28.3, 235.4]","[24.2, 13.5, 236.1]"
"[11.1, 18.6, 238.2]","[21.9, 28.2, 234.5]","[25.4, 14.1, 237.0]"
"[11.1, 18.6, 238.2]","[21.9, 28.7, 234.5]","[24.2, 13.5, 236.1]"
"[11.1, 19.1, 237.7]","[21.9, 28.8, 235.2]","[24.8, 14.1, 236.6]"
"[11.1, 19.1, 237.9]","[21.9, 29.3, 235.0]","[24.7, 14.6, 235.7]"
"[11.1, 19.7, 237.7]","[21.9, 29.2, 234.5]","[25.4, 14.6, 236.8]"
"[11.1, 19.7, 237.7]","[21.9, 29.3, 234.8]","[25.3, 15.1, 235.7]"
"[11.0, 20.1, 236.6]","[21.9, 30.4, 234.8]","[24.7, 15.6, 235.2]"
"[11.0, 21.7, 236.1]","[21.9, 30.9, 234.5]","[25.2, 16.2, 235.2]"
"[11.0, 21.8, 236.8]","[21.3, 31.4, 234.5]","[24.1, 17.3, 235.0]"
"[9.9, 22.8, 236.1]","[20.7, 32.5, 234.1]","[24.1, 17.8, 234.5]"
"[9.9, 25.5, 234.8]","[20.6, 35.6, 232.8]","[23.9, 20.9, 233.2]"
"[9.8, 28.1, 234.1]","[20.6, 37.7, 232.8]","[23.9, 23.1, 233.0]"
"[9.8, 29.1, 233.2]","[20.6, 38.7, 232.3]","[23.9, 24.2, 233.0]"
"[9.8, 30.2, 233.2]","[20.6, 39.9, 232.8]","[24.0, 25.4, 234.1]"
"[10.4, 30.8, 233.9]","[20.7, 41.1, 233.4]","[24.0, 25.9, 234.1]"
"[10.3, 32.3, 233.0]","[21.2, 42.1, 233.2]","[23.9, 28.0, 233.2]"
"[10.4, 33.5, 233.9]","[21.2, 42.7, 233.4]","[24.0, 28.6, 233.9]"
"[10.9, 34.1, 233.7]","[21.2, 43.2, 233.2]","[24.0, 29.2, 234.3]"
"[10.9, 34.6, 233.4]","[21.8, 43.9, 234.1]","[23.9, 29.7, 233.4]"
"[10.9, 35.2, 234.1]","[21.7, 44.3, 233.2]","[24.5, 30.2, 233.7]"
"[11.5, 35.8, 234.1]","[22.4, 45.5, 233.9]","[25.0, 30.7, 233.2]"
"[12.0, 36.8, 234.1]","[23.5, 46.2, 234.3]","[25.1, 31.3, 233.7]"
"[12.0, 37.5, 234.5]","[23.5, 46.7, 234.3]","[25.7, 32.0, 234.8]"
"[12.6, 37.9, 234.1]","[24.0, 47.2, 233.9]","[26.2, 32.5, 234.3]"
"[13.1, 38.4, 233.7]","[24.6, 47.2, 234.1]","[26.2, 32.5, 234.1]"
"[13.1, 38.5, 234.1]","[24.6, 47.2, 234.1]","[26.2, 33.0, 234.3]"
"[14.2, 39.6, 234.1]","[25.2, 48.5, 234.8]","[27.3, 33.6, 234.1]"
"[14.2, 40.1, 234.1]","[25.7, 48.4, 234.3]","[27.4, 33.7, 234.8]"
"[14.2, 40.2, 234.5]","[25.7, 48.4, 234.5]","[27.4, 33.7, 234.8]"
"[14.2, 39.6, 234.5]","[26.2, 48.4, 234.5]","[27.4, 33.8, 235.4]"
"[14.8, 39.7, 235.0]","[26.3, 48.5, 234.8]","[27.5, 34.3, 235.7]"
"[14.8, 40.3, 235.0]","[26.3, 49.0, 234.8]","[27.5, 34.4, 236.1]"
"[14.8, 40.3, 235.4]","[26.3, 49.1, 235.2]","[28.0, 34.3, 235.4]"
"[15.3, 40.2, 234.5]","[26.9, 49.1, 235.4]","[28.7, 34.4, 236.3]"
"[15.4, 40.3, 235.4]","[27.3, 48.9, 234.5]","[28.6, 34.9, 235.9]"
"[15.9, 39.8, 235.4]","[27.4, 49.1, 235.4]","[29.1, 33.8, 235.4]"
"[17.5, 39.2, 235.2]","[28.5, 47.9, 235.0]","[30.3, 33.3, 236.1]"
"[17.6, 38.8, 235.9]","[29.1, 46.9, 235.2]","[30.8, 32.7, 235.7]"
"[17.6, 37.7, 235.9]","[29.6, 46.3, 235.0]","[30.8, 32.2, 235.9]"
"[17.6, 37.0, 235.4]","[29.6, 45.7, 234.8]","[30.7, 31.0, 235.4]"
"[18.1, 35.9, 235.2]","[29.0, 44.7, 235.0]","[30.7, 30.4, 235.2]"
"[18.1, 34.8, 235.2]","[29.6, 43.6, 235.0]","[30.8, 28.9, 235.9]"
"[18.1, 32.1, 235.4]","[29.5, 40.7, 234.1]","[31.9, 26.1, 235.9]"
"[18.6, 31.0, 235.0]","[29.6, 39.7, 234.8]","[32.0, 24.5, 236.3]"
"[17.6, 28.3, 235.7]","[29.5, 37.5, 234.5]","[31.3, 22.3, 235.7]"
"[17.6, 27.8, 235.9]","[29.0, 36.4, 235.0]","[30.8, 21.7, 236.1]"
"[16.5, 26.7, 236.1]","[27.9, 35.9, 234.8]","[29.8, 21.2, 236.3]"
"[15.5, 26.3, 237.2]","[27.3, 35.2, 234.3]","[28.6, 20.6, 236.1]"
"[14.4, 25.7, 237.0]","[26.3, 34.8, 234.8]","[27.4, 20.0, 235.4]"
"[14.4, 25.2, 237.7]","[25.2, 34.3, 235.2]","[27.6, 19.1, 237.0]"
"[13.8, 24.6, 237.0]","[25.2, 33.6, 234.5]","[27.5, 19.0, 236.1]"
"[13.2, 23.5, 236.8]","[24.7, 32.6, 235.0]","[27.0, 17.3, 236.1]"
"[13.3, 22.9, 237.2]","[24.6, 32.0, 234.3]","[26.3, 17.3, 235.2]"
"[13.2, 22.4, 236.8]","[24.1, 31.4, 234.5]","[26.4, 16.8, 236.1]"
"[13.3, 21.8, 237.2]","[24.2, 31.0, 235.4]","[26.4, 16.2, 235.7]"
"[12.7, 21.3, 237.7]","[23.5, 30.3, 234.3]","[26.4, 15.7, 236.3]"
"[12.2, 20.2, 237.2]","[23.0, 29.2, 234.5]","[25.8, 14.6, 235.7]"
"[12.1, 20.1, 236.8]","[23.0, 29.3, 234.8]","[25.4, 14.6, 237.0]"
"[12.2, 19.2, 238.2]","[23.1, 28.3, 236.1]","[25.4, 14.1, 237.0]"
"[11.6, 18.6, 237.9]","[23.0, 28.2, 235.0]","[25.5, 13.6, 237.7]"
"[11.1, 18.6, 238.2]","[22.5, 28.2, 235.0]","[24.9, 13.5, 237.2]"
"[11.1, 18.6, 238.2]","[22.0, 27.7, 235.4]","[25.5, 13.6, 237.7]"
"[11.1, 18.6, 238.4]","[22.0, 27.7, 235.4]","[24.9, 13.0, 237.5]"
"[11.1, 18.6, 238.6]","[22.0, 27.7, 235.4]","[25.5, 13.6, 237.9]"
"[11.1, 18.6, 237.9]","[22.0, 28.3, 235.9]","[24.4, 13.6, 237.7]"
"[11.1, 18.6, 238.4]","[22.0, 28.3, 235.4]","[24.4, 13.6, 237.9]"
"[11.1, 19.2, 238.9]","[22.0, 28.3, 235.4]","[24.3, 13.5, 236.8]"
"[11.1, 19.2, 238.9]","[22.0, 28.3, 235.4]","[24.5, 13.6, 238.4]"
"[11.1, 19.2, 238.4]","[22.0, 28.3, 235.7]","[24.3, 13.5, 237.2]"
"[11.2, 19.3, 239.5]","[22.0, 28.3, 235.4]","[24.3, 13.5, 237.0]"
"[11.2, 19.3, 239.5]","[22.0, 28.3, 235.4]","[24.4, 13.6, 237.7]"
"[10.6, 18.7, 238.9]","[22.0, 28.3, 235.9]","[24.4, 13.6, 237.5]"
"[11.1, 19.2, 238.9]","[21.4, 28.2, 235.0]","[24.4, 13.6, 237.7]"
"[11.1, 19.2, 238.9]","[21.4, 28.8, 235.2]","[24.3, 14.1, 236.8]"
"[11.1, 19.8, 238.9]","[21.4, 28.2, 234.8]","[24.3, 14.1, 237.2]"
"[11.1, 19.2, 238.6]","[21.4, 28.8, 235.0]","[24.3, 14.1, 237.2]"
"[11.1, 19.8, 239.1]","[22.0, 28.8, 235.7]","[24.3, 14.1, 236.6]"
"[11.1, 19.7, 238.4]","[21.4, 29.4, 235.4]","[24.2, 15.1, 236.1]"
"[11.1, 20.3, 238.2]","[21.4, 29.3, 235.2]","[24.4, 15.2, 237.7]"
"[10.5, 20.2, 237.5]","[20.8, 30.4, 234.8]","[24.4, 15.8, 237.5]"
"[10.0, 20.8, 237.5]","[20.8, 30.4, 235.0]","[24.3, 16.3, 237.2]"
"[10.0, 21.3, 237.7]","[20.3, 31.0, 235.0]","[23.7, 16.3, 236.8]"
"[9.4, 22.4, 237.0]","[20.8, 32.0, 234.3]","[23.1, 17.3, 236.3]"
"[9.9, 22.9, 236.6]","[20.8, 32.6, 234.8]","[23.2, 17.9, 236.6]"
"[9.9, 24.5, 235.7]","[20.7, 33.5, 233.9]","[23.1, 19.0, 236.3]"
"[9.9, 25.1, 236.3]","[20.8, 34.7, 234.3]","[23.1, 19.6, 236.3]"
"[9.9, 26.1, 236.1]","[20.7, 35.1, 233.4]","[23.1, 20.7, 236.3]"
"[9.9, 27.3, 236.6]","[20.7, 36.3, 234.1]","[23.2, 21.8, 236.6]"
"[10.4, 28.8, 235.2]","[21.3, 37.9, 233.9]","[24.2, 23.9, 235.9]"
"[10.4, 30.4, 235.2]","[21.8, 39.5, 233.7]","[24.1, 24.9, 234.8]"
"[11.0, 32.1, 235.0]","[22.3, 41.1, 233.4]","[24.6, 26.5, 234.8]"
"[11.5, 32.0, 234.8]","[22.9, 41.7, 233.9]","[25.1, 27.0, 234.3]"
"[12.1, 33.1, 235.0]","[23.5, 42.3, 233.9]","[25.2, 27.7, 235.2]"
"[12.6, 33.1, 235.0]","[24.1, 42.9, 234.5]","[26.4, 27.7, 235.7]"
"[13.1, 34.2, 234.8]","[24.0, 43.4, 233.9]","[26.4, 28.9, 235.9]"
"[13.1, 34.7, 234.5]","[24.5, 43.9, 233.9]","[26.4, 28.8, 235.7]"
"[13.1, 35.8, 234.5]","[25.1, 44.5, 234.1]","[27.0, 30.5, 235.9]"
"[13.7, 36.0, 235.4]","[25.1, 45.1, 234.3]","[26.9, 31.0, 235.4]"
"[13.8, 36.6, 236.1]","[25.2, 45.7, 234.8]","[27.1, 31.2, 236.8]"
"[13.7, 36.6, 235.9]","[25.2, 45.8, 235.0]","[27.1, 31.2, 237.0]"
"[14.3, 37.7, 235.9]","[25.2, 46.3, 234.8]","[27.7, 31.9, 237.9]"
"[14.4, 37.8, 236.8]","[25.8, 46.4, 235.4]","[27.5, 31.7, 236.3]"
"[14.3, 38.3, 236.6]","[25.2, 46.3, 235.2]","[27.7, 31.9, 237.7]"
"[13.2, 37.7, 235.9]","[25.2, 46.3, 235.0]","[27.1, 32.3, 236.8]"
"[13.3, 37.9, 237.2]","[25.2, 46.4, 235.4]","[26.6, 32.4, 237.5]"
"[13.2, 38.3, 236.3]","[24.7, 46.9, 235.2]","[26.6, 31.9, 237.7]"
"[13.3, 38.4, 237.0]","[24.1, 46.9, 235.2]","[26.0, 32.4, 237.2]"
"[12.7, 38.4, 237.0]","[24.1, 46.8, 234.8]","[25.4, 32.3, 237.0]"
"[12.7, 37.2, 236.3]","[24.1, 46.3, 235.2]","[25.4, 31.8, 237.0]"
"[12.1, 36.6, 235.9]","[24.1, 45.7, 234.8]","[25.3, 30.5, 235.9]"
"[12.1, 35.9, 235.0]","[24.1, 44.6, 234.5]","[25.3, 30.0, 236.3]"
"[12.1, 35.3, 235.0]","[23.5, 44.0, 234.3]","[25.3, 29.5, 236.3]"
"[12.1, 34.2, 235.0]","[24.0, 43.4, 233.9]","[25.3, 28.3, 235.7]"
"[12.6, 33.7, 235.2]","[23.9, 42.2, 233.4]","[25.2, 27.1, 235.0]"
"[13.2, 32.7, 235.4]","[24.6, 41.3, 234.5]","[26.3, 26.6, 235.2]"
"[14.4, 31.3, 237.5]","[25.2, 39.7, 235.0]","[27.5, 25.1, 236.3]"
"[14.4, 29.5, 236.8]","[25.7, 38.5, 234.3]","[27.7, 24.6, 237.5]"
"[14.3, 28.8, 235.7]","[26.2, 38.0, 234.5]","[27.7, 23.5, 237.5]"
"[14.9, 27.9, 236.8]","[26.3, 37.0, 235.0]","[28.8, 22.4, 237.5]"
"[15.5, 27.4, 237.7]","[26.3, 36.5, 235.4]","[28.8, 21.9, 237.9]"
"[15.5, 25.7, 237.2]","[26.3, 35.4, 235.4]","[28.9, 20.8, 238.4]"
"[14.4, 24.1, 237.7]","[26.4, 33.3, 236.3]","[28.4, 18.7, 238.9]"
"[14.5, 23.7, 238.9]","[25.4, 32.8, 236.6]","[27.9, 18.1, 239.1]"
"[14.5, 23.2, 239.3]","[25.4, 32.3, 236.6]","[27.9, 17.6, 239.3]"
"[13.4, 22.6, 239.8]","[25.5, 31.9, 237.7]","[26.7, 17.0, 238.9]"
"[13.4, 22.6, 239.3]","[24.3, 31.2, 237.0]","[26.8, 17.0, 239.1]"
"[13.4, 22.1, 239.8]","[24.3, 30.7, 237.0]","[26.8, 16.5, 239.3]"
"[13.4, 21.0, 240.2]","[24.4, 29.7, 238.2]","[26.9, 15.4, 240.2]"
"[12.3, 19.8, 239.5]","[23.9, 28.6, 237.9]","[26.4, 14.3, 240.5]"
"[12.3, 19.3, 240.2]","[23.9, 28.1, 238.4]","[25.7, 13.7, 240.0]"
"[12.3, 19.4, 240.7]","[23.3, 28.1, 238.4]","[25.9, 13.2, 241.2]"
"[11.8, 18.8, 240.7]","[23.4, 28.2, 239.3]","[25.2, 13.2, 240.2]"
"[11.2, 18.8, 240.7]","[22.2, 27.5, 238.4]","[24.7, 13.2, 240.7]"
"[11.2, 18.8, 240.9]","[22.3, 27.6, 239.3]","[24.6, 13.1, 239.8]"
"[10.7, 18.3, 241.2]","[21.7, 27.6, 238.9]","[24.1, 12.6, 240.2]"
"[10.1, 17.7, 240.7]","[21.8, 27.1, 239.8]","[23.6, 12.6, 240.9]"
"[10.1, 17.7, 240.9]","[21.2, 26.5, 239.5]","[23.6, 12.1, 240.9]"
"[10.1, 17.7, 241.4]","[21.2, 26.5, 238.9]","[23.5, 12.0, 240.0]"
"[10.1, 17.7, 241.4]","[21.2, 26.5, 239.5]","[23.6, 12.1, 240.7]"
"[9.5, 17.7, 240.9]","[20.6, 27.0, 239.1]","[23.5, 12.6, 240.0]"
"[10.1, 18.2, 240.5]","[21.2, 27.7, 239.8]","[23.6, 12.6, 240.7]"
"[9.5, 18.2, 240.7]","[20.6, 27.6, 238.9]","[23.6, 12.6, 240.5]"
"[10.1, 18.3, 241.2]","[20.6, 27.1, 239.3]","[23.6, 13.2, 240.9]"
"[9.5, 18.2, 240.5]","[20.1, 27.1, 239.3]","[23.6, 13.2, 240.5]"
"[9.0, 17.7, 240.9]","[20.1, 27.6, 239.1]","[23.0, 13.2, 240.5]"
"[9.0, 17.7, 241.2]","[20.1, 27.7, 239.8]","[23.1, 12.6, 241.2]"
"[9.0, 17.7, 240.9]","[20.1, 27.6, 239.5]","[23.0, 13.2, 240.7]"
"[9.0, 17.7, 241.2]","[20.1, 27.6, 239.5]","[23.0, 12.6, 240.2]"
"[9.0, 18.2, 240.5]","[20.1, 28.2, 239.1]","[22.4, 13.2, 240.5]"
"[9.0, 18.2, 240.9]","[19.5, 27.5, 238.6]","[22.4, 13.1, 239.8]"
"[9.0, 18.2, 240.9]","[20.1, 28.2, 239.3]","[22.4, 13.2, 240.2]"
"[9.0, 18.2, 240.7]","[20.1, 28.2, 239.5]","[22.5, 13.8, 241.2]"
"[8.4, 18.2, 240.7]","[19.0, 28.2, 239.5]","[22.4, 13.7, 240.5]"
"[9.0, 18.8, 241.2]","[19.5, 28.2, 239.1]","[22.4, 13.7, 240.7]"
"[9.0, 19.4, 240.7]","[19.0, 28.2, 239.8]","[22.4, 14.3, 240.5]"
"[7.9, 20.5, 240.7]","[18.9, 30.3, 238.6]","[21.2, 15.3, 239.5]"
"[6.7, 21.5, 239.5]","[17.8, 30.9, 238.6]","[21.2, 16.5, 239.5]"
"[6.7, 23.8, 240.0]","[16.6, 32.9, 237.5]","[20.1, 18.1, 238.9]"
"[6.7, 24.4, 240.2]","[16.6, 33.5, 237.5]","[20.0, 19.2, 238.4]"
"[6.1, 25.4, 239.1]","[17.1, 35.0, 236.6]","[20.0, 20.8, 237.9]"
"[6.7, 27.0, 238.9]","[16.6, 36.2, 237.0]","[19.9, 21.3, 237.2]"
"[6.1, 29.2, 238.4]","[16.6, 39.0, 237.0]","[19.8, 24.5, 236.3]"
"[6.1, 30.2, 237.7]","[16.5, 40.5, 236.6]","[19.8, 25.6, 236.3]"
"[6.1, 31.4, 238.2]","[16.6, 41.2, 237.2]","[19.9, 26.3, 237.5]"
"[6.7, 32.6, 238.9]","[16.6, 41.7, 236.8]","[19.8, 27.2, 236.1]"
"[6.7, 33.0, 238.2]","[17.1, 42.2, 236.8]","[19.9, 27.9, 237.0]"
"[7.2, 34.1, 237.5]","[17.7, 44.0, 237.5]","[20.4, 29.5, 236.8]"
"[7.2, 34.7, 237.9]","[18.2, 44.5, 237.0]","[21.0, 30.1, 237.2]"
"[7.7, 35.7, 237.2]","[18.8, 45.0, 236.8]","[21.0, 30.7, 237.2]"
"[8.3, 36.2, 236.8]","[18.8, 46.1, 236.8]","[21.6, 31.9, 237.9]"
"[8.9, 38.0, 237.9]","[19.4, 46.7, 237.2]","[22.1, 32.4, 237.2]"
"[8.9, 38.0, 237.7]","[19.9, 47.8, 237.2]","[22.2, 33.0, 237.7]"
"[9.4, 39.2, 238.4]","[20.4, 48.4, 237.0]","[23.2, 33.5, 237.2]"
"[10.0, 39.9, 239.1]","[21.0, 48.4, 237.2]","[23.3, 34.1, 237.5]"
"[10.0, 39.7, 238.4]","[21.0, 49.0, 237.5]","[23.2, 34.0, 237.2]"
"[10.0, 39.1, 237.7]","[21.0, 49.0, 237.5]","[23.3, 34.1, 237.9]"
"[10.0, 39.7, 238.4]","[21.0, 49.0, 237.5]","[23.3, 34.2, 238.4]"
"[10.0, 39.6, 237.7]","[21.0, 48.4, 237.2]","[23.2, 34.0, 237.0]"
"[10.0, 39.2, 238.4]","[21.0, 48.3, 236.8]","[23.3, 33.6, 237.9]"
"[10.0, 39.0, 237.5]","[21.1, 47.9, 237.7]","[23.2, 32.9, 237.2]"
"[9.9, 38.3, 236.3]","[21.0, 47.2, 236.8]","[23.2, 32.9, 236.8]"
"[9.9, 37.7, 236.3]","[20.9, 46.5, 235.9]","[23.2, 31.8, 237.2]"
"[9.9, 37.3, 237.0]","[20.9, 45.9, 235.7]","[23.1, 31.1, 236.1]"
"[9.9, 35.0, 236.6]","[21.4, 44.1, 235.2]","[23.1, 30.0, 235.9]"
"[11.6, 32.9, 236.8]","[22.5, 42.0, 235.2]","[25.3, 27.8, 236.3]"
"[12.7, 31.7, 236.8]","[23.6, 40.9, 235.2]","[26.5, 26.2, 236.6]"
"[13.3, 30.2, 237.9]","[24.2, 39.9, 235.9]","[26.6, 25.2, 237.9]"
"[14.5, 29.3, 239.1]","[25.4, 37.8, 236.6]","[27.8, 23.6, 238.6]"
"[13.9, 28.0, 238.2]","[25.3, 37.2, 236.3]","[27.7, 23.0, 237.7]"
"[14.5, 26.5, 239.1]","[25.4, 35.6, 236.8]","[27.9, 21.5, 239.1]"
"[13.9, 26.5, 238.9]","[25.3, 35.0, 236.1]","[27.9, 20.9, 239.1]"
"[13.4, 25.4, 239.5]","[25.1, 34.8, 238.9]","[26.8, 19.8, 239.8]"
"[12.3, 24.3, 239.3]","[23.8, 32.9, 237.2]","[26.3, 18.2, 239.8]"
"[12.3, 23.8, 240.2]","[23.3, 32.5, 238.2]","[25.7, 17.6, 240.0]"
"[11.2, 22.7, 240.5]","[22.1, 31.2, 237.0]","[24.6, 16.5, 240.2]"
"[11.2, 22.1, 240.2]","[22.2, 30.2, 237.9]","[24.6, 15.9, 240.0]"
"[10.6, 21.0, 240.0]","[22.2, 30.2, 237.5]","[23.5, 15.4, 239.8]"
"[10.1, 19.9, 240.9]","[21.1, 28.6, 238.4]","[22.4, 13.7, 240.2]"
"[9.5, 18.2, 240.7]","[21.2, 27.1, 239.3]","[22.4, 12.1, 240.7]"
"[9.0, 17.7, 241.2]","[20.0, 26.4, 238.6]","[22.5, 11.5, 241.4]"
"[9.0, 17.7, 240.7]","[20.1, 26.0, 239.5]","[22.6, 11.6, 242.1]"
"[8.5, 16.7, 242.4]","[20.1, 25.9, 239.1]","[22.5, 11.5, 240.9]"
"[9.0, 17.1, 241.2]","[20.0, 25.9, 238.6]","[22.5, 11.0, 241.4]"
"[9.0, 17.1, 241.2]","[20.1, 25.9, 239.3]","[22.4, 11.5, 240.7]"
"[9.0, 17.1, 240.9]","[20.1, 25.9, 239.1]","[22.4, 11.5, 240.7]"
"[9.0, 17.1, 240.7]","[20.1, 25.9, 239.3]","[22.4, 11.5, 240.5]"
"[9.0, 17.1, 240.7]","[20.7, 26.5, 239.5]","[22.4, 11.5, 240.5]"
"[9.0, 17.7, 240.7]","[20.0, 26.4, 238.4]","[22.4, 12.0, 240.0]"
"[9.0, 17.1, 240.5]","[20.0, 26.4, 238.6]","[22.4, 11.5, 240.2]"
"[9.0, 17.1, 240.5]","[20.0, 26.4, 238.6]","[22.4, 11.5, 240.0]"
"[9.0, 17.1, 240.7]","[20.0, 26.4, 238.6]","[22.4, 12.0, 240.2]"
"[9.0, 17.1, 240.7]","[20.1, 26.5, 238.9]","[22.4, 12.0, 240.5]"
"[9.0, 17.7, 240.7]","[20.0, 26.4, 238.6]","[22.5, 12.1, 240.9]"
"[9.0, 17.7, 240.9]","[20.1, 27.0, 239.1]","[22.4, 12.1, 240.7]"
"[9.0, 17.7, 240.9]","[20.0, 27.0, 238.4]","[22.4, 12.0, 240.0]"
"[9.0, 18.2, 240.5]","[20.1, 27.6, 238.9]","[22.3, 12.6, 239.5]"
"[9.0, 18.3, 241.2]","[19.5, 27.0, 239.1]","[22.4, 12.6, 239.8]"
"[9.0, 18.2, 240.9]","[19.4, 27.5, 238.2]","[22.4, 13.1, 239.8]"
"[8.4, 18.8, 240.7]","[18.9, 28.0, 238.2]","[21.8, 13.7, 240.0]"
"[7.8, 19.3, 239.5]","[18.9, 28.6, 237.9]","[21.2, 13.7, 239.8]"
"[6.7, 21.5, 239.8]","[17.8, 31.4, 238.2]","[20.0, 16.4, 238.2]"
"[5.6, 22.1, 239.8]","[16.6, 31.8, 237.2]","[19.4, 16.9, 238.2]"
"[5.6, 22.5, 238.6]","[16.6, 32.3, 237.0]","[18.9, 17.5, 237.9]"
"[5.6, 23.2, 240.0]","[16.0, 31.7, 236.3]","[19.0, 17.6, 239.5]"
"[5.0, 23.7, 239.1]","[16.0, 32.8, 236.3]","[18.9, 18.1, 238.9]"
"[5.0, 24.3, 239.8]","[16.0, 33.3, 236.1]","[18.9, 19.2, 238.9]"
"[5.0, 27.5, 238.6]","[15.9, 36.5, 235.2]","[18.8, 21.8, 236.8]"
"[5.0, 29.7, 238.4]","[15.9, 38.7, 235.4]","[18.7, 24.5, 235.9]"
"[6.0, 31.6, 235.9]","[16.5, 41.4, 235.4]","[19.2, 26.7, 235.7]"
"[6.7, 33.0, 237.9]","[17.0, 42.1, 235.9]","[19.7, 28.2, 235.2]"
"[7.2, 33.6, 238.2]","[17.6, 42.6, 235.9]","[20.4, 28.4, 236.3]"
"[7.8, 35.2, 237.9]","[18.7, 44.2, 235.7]","[21.5, 29.5, 236.3]"
"[8.3, 35.6, 236.8]","[19.3, 45.4, 236.1]","[22.1, 30.6, 236.6]"
"[8.8, 37.8, 236.6]","[19.8, 47.1, 236.3]","[23.2, 32.9, 236.8]"
"[10.0, 39.0, 237.5]","[21.0, 48.3, 236.8]","[23.2, 34.0, 236.8]"
"[10.0, 39.6, 237.5]","[21.0, 49.4, 236.6]","[23.1, 34.4, 236.3]"
"[10.5, 40.2, 237.9]","[21.5, 49.3, 236.3]","[23.8, 35.1, 237.0]"
"[11.1, 40.7, 237.2]","[22.2, 50.1, 237.5]","[24.4, 35.8, 237.9]"
"[11.7, 41.5, 239.1]","[23.2, 50.6, 237.2]","[25.5, 36.3, 237.5]"
"[12.2, 41.4, 238.4]","[23.3, 50.8, 238.2]","[25.4, 35.6, 236.6]"
"[12.2, 41.4, 238.6]","[23.3, 50.7, 237.5]","[25.5, 35.8, 238.2]"
"[13.4, 41.0, 239.1]","[24.4, 50.8, 237.9]","[26.6, 35.7, 237.5]"
"[13.4, 41.1, 240.0]","[24.5, 50.3, 238.4]","[26.6, 35.2, 237.5]"
"[14.0, 40.0, 240.0]","[25.6, 49.2, 238.4]","[27.9, 34.3, 239.1]"
"[14.5, 39.3, 239.1]","[25.5, 48.5, 237.9]","[27.7, 33.5, 237.7]"
"[15.0, 38.7, 238.9]","[26.6, 47.4, 237.7]","[27.7, 33.0, 237.7]"
"[15.6, 37.0, 238.6]","[27.1, 45.0, 237.0]","[28.8, 30.2, 237.7]"
"[16.2, 35.4, 238.9]","[27.6, 43.9, 236.8]","[28.9, 29.7, 238.4]"
"[15.6, 33.1, 238.4]","[27.5, 41.5, 235.9]","[28.9, 26.9, 238.2]"
"[15.5, 32.4, 237.2]","[27.5, 41.0, 236.3]","[28.8, 25.8, 237.9]"
"[16.1, 31.4, 238.2]","[27.0, 40.0, 236.6]","[28.8, 25.2, 237.9]"
"[14.9, 30.2, 237.5]","[26.5, 38.4, 236.8]","[28.2, 24.1, 237.5]"
"[14.4, 29.0, 237.0]","[26.4, 37.7, 236.1]","[27.7, 23.0, 237.5]"
"[14.4, 28.6, 238.2]","[25.9, 36.6, 236.3]","[27.7, 22.4, 237.7]"
"[13.3, 27.5, 238.2]","[25.4, 35.6, 236.8]","[27.2, 21.4, 238.2]"
"[12.8, 26.0, 239.5]","[24.4, 34.1, 237.9]","[25.4, 19.6, 237.0]"
"[12.3, 25.4, 239.8]","[24.3, 34.0, 236.8]","[25.6, 19.2, 238.4]"
"[12.3, 24.8, 239.1]","[23.2, 34.0, 237.2]","[25.6, 19.2, 238.9]"
"[11.7, 24.8, 239.3]","[23.2, 33.4, 236.8]","[25.0, 18.6, 238.4]"
"[11.2, 23.2, 239.3]","[22.7, 32.3, 237.0]","[24.5, 18.1, 238.6]"
"[11.2, 23.2, 239.3]","[22.0, 31.7, 236.3]","[24.5, 16.9, 238.4]"
"[11.2, 22.1, 239.5]","[22.1, 31.2, 236.8]","[24.5, 16.4, 238.6]"
"[10.6, 21.5, 239.3]","[21.6, 30.1, 237.0]","[23.9, 15.3, 238.2]"
"[10.0, 20.9, 239.5]","[21.6, 30.1, 237.0]","[23.3, 15.3, 238.2]"
"[10.0, 20.4, 239.3]","[21.0, 29.6, 237.0]","[23.3, 14.7, 238.4]"
"[10.0, 20.3, 238.9]","[20.9, 29.4, 236.1]","[23.4, 14.7, 238.6]"
"[9.5, 19.7, 238.6]","[20.4, 29.4, 236.1]","[23.3, 14.7, 237.5]"
"[8.9, 19.7, 238.4]","[19.8, 28.9, 235.9]","[22.7, 14.1, 237.7]"
"[8.9, 19.1, 237.9]","[19.8, 28.8, 235.7]","[22.7, 14.1, 237.7]"
"[8.9, 19.7, 237.7]","[19.8, 28.8, 235.4]","[22.7, 14.1, 237.9]"
"[8.9, 20.2, 237.5]","[19.7, 29.2, 234.3]","[22.1, 14.6, 236.6]"
"[8.8, 20.6, 236.1]","[19.2, 29.9, 235.2]","[22.0, 15.1, 235.4]"
"[8.3, 20.1, 236.1]","[19.7, 29.8, 234.5]","[22.0, 15.1, 235.7]"
"[8.8, 20.7, 237.0]","[19.1, 29.7, 234.1]","[21.9, 15.1, 235.2]"
"[8.2, 20.6, 235.7]","[19.1, 30.3, 234.1]","[21.8, 15.5, 234.1]"
"[8.2, 21.1, 235.4]","[19.1, 30.2, 233.7]","[21.9, 15.6, 235.0]"
"[7.7, 21.2, 235.7]","[18.5, 30.8, 233.9]","[21.9, 16.1, 234.5]"
"[7.7, 21.6, 234.8]","[18.5, 30.8, 233.7]","[21.3, 15.5, 233.7]"
"[7.7, 21.6, 235.0]","[18.5, 30.7, 233.2]","[21.8, 16.1, 233.9]"
"[7.7, 21.6, 234.8]","[18.5, 31.3, 233.2]","[21.8, 16.1, 233.7]"
"[7.6, 22.1, 234.3]","[19.0, 31.3, 233.2]","[21.7, 16.5, 232.8]"
"[7.6, 22.1, 233.9]","[18.5, 31.8, 232.8]","[21.7, 17.1, 233.0]"
"[7.6, 22.1, 234.5]","[18.4, 31.7, 232.6]","[21.8, 17.1, 233.4]"
"[7.6, 22.6, 233.4]","[18.4, 32.2, 232.1]","[21.7, 17.6, 233.0]"
"[7.6, 22.6, 233.4]","[19.0, 32.2, 232.3]","[21.7, 17.7, 233.2]"
"[7.6, 22.6, 234.1]","[18.9, 32.2, 232.1]","[21.7, 17.7, 233.2]"
"[7.6, 22.6, 233.7]","[18.5, 32.3, 232.8]","[21.7, 17.6, 232.8]"
"[7.6, 23.2, 234.1]","[18.4, 32.7, 231.9]","[21.7, 18.2, 233.2]"
"[7.6, 23.2, 233.7]","[18.9, 32.7, 232.1]","[21.7, 18.2, 232.8]"
"[7.6, 23.7, 233.9]","[19.0, 33.4, 232.8]","[21.7, 18.7, 232.8]"
"[8.2, 24.2, 233.4]","[19.0, 34.0, 233.0]","[21.7, 19.3, 232.8]"
"[8.2, 24.8, 233.9]","[19.0, 34.4, 232.6]","[21.7, 19.8, 233.2]"
"[7.6, 25.9, 234.1]","[18.5, 35.6, 233.0]","[21.2, 20.3, 232.8]"
"[8.2, 25.9, 234.3]","[18.9, 35.4, 232.1]","[21.7, 20.9, 232.8]"
"[8.7, 26.4, 233.7]","[20.0, 36.0, 232.1]","[22.3, 21.5, 233.0]"
"[8.7, 27.6, 234.1]","[20.1, 36.6, 232.8]","[22.8, 22.5, 232.8]"
"[9.3, 28.7, 234.3]","[20.6, 38.3, 233.0]","[22.9, 23.7, 233.4]"
"[9.8, 31.3, 233.4]","[20.7, 40.5, 233.2]","[22.8, 25.3, 233.2]"
"[9.8, 32.3, 232.6]","[20.6, 41.6, 233.0]","[23.4, 26.9, 233.2]"
"[10.3, 33.4, 232.8]","[21.1, 42.5, 232.3]","[23.9, 28.6, 233.4]"
"[11.4, 35.1, 233.7]","[22.3, 44.9, 233.4]","[25.0, 30.2, 233.4]"
"[12.0, 36.2, 233.7]","[22.9, 46.1, 233.9]","[25.7, 30.8, 234.1]"
"[13.1, 37.3, 233.7]","[23.9, 46.5, 233.4]","[26.2, 32.4, 233.7]"
"[14.2, 38.5, 234.3]","[24.6, 47.8, 234.1]","[27.2, 33.5, 233.7]"
"[14.2, 39.1, 234.3]","[25.2, 48.5, 235.0]","[27.9, 34.2, 234.5]"
"[14.8, 38.5, 234.5]","[25.7, 47.8, 234.5]","[28.5, 33.1, 234.8]"
"[15.4, 38.2, 235.9]","[26.4, 47.5, 235.7]","[28.4, 33.1, 234.5]"
"[16.0, 37.7, 236.1]","[27.4, 47.4, 235.0]","[29.7, 32.7, 235.7]"
"[17.7, 37.8, 236.8]","[29.2, 46.6, 236.3]","[30.9, 31.7, 236.3]"
"[18.2, 37.2, 236.3]","[29.8, 46.1, 236.6]","[31.4, 31.2, 236.6]"
"[18.8, 36.7, 236.8]","[29.8, 45.5, 236.3]","[32.2, 30.8, 237.9]"
"[18.2, 35.7, 237.2]","[29.8, 44.4, 236.6]","[31.7, 29.7, 238.2]"
"[18.3, 35.8, 238.2]","[29.8, 43.9, 236.8]","[31.8, 29.2, 238.9]"
"[18.3, 34.7, 237.9]","[29.8, 42.8, 237.0]","[31.0, 28.0, 237.5]"
"[17.7, 34.1, 237.7]","[29.9, 42.4, 237.7]","[31.2, 27.5, 238.6]"
"[16.6, 31.9, 237.7]","[28.8, 40.2, 237.7]","[30.0, 25.8, 238.2]"
"[16.7, 31.4, 238.6]","[28.2, 39.6, 237.5]","[29.9, 24.7, 237.7]"
"[16.1, 29.7, 237.9]","[27.7, 38.6, 237.9]","[29.0, 23.7, 239.1]"
"[14.5, 28.2, 239.8]","[26.1, 36.9, 237.9]","[27.9, 22.0, 239.1]"
"[13.4, 27.6, 239.1]","[25.5, 36.3, 237.7]","[26.8, 22.0, 239.1]"
"[12.3, 26.6, 240.0]","[23.9, 34.7, 237.9]","[25.6, 20.3, 238.9]"
"[11.1, 25.9, 238.9]","[23.3, 34.7, 237.9]","[24.5, 19.7, 238.6]"
"[11.2, 25.5, 240.0]","[22.8, 34.2, 238.4]","[24.5, 19.2, 238.4]"
"[10.6, 24.8, 239.5]","[22.3, 33.7, 239.1]","[24.1, 18.7, 240.0]"
"[10.1, 23.8, 240.0]","[21.2, 32.6, 238.9]","[23.5, 18.1, 239.5]"
"[8.9, 22.1, 240.0]","[20.0, 31.4, 238.4]","[22.3, 16.5, 239.5]"
"[9.0, 21.6, 240.2]","[19.9, 30.2, 237.5]","[22.3, 15.9, 239.5]"
"[8.4, 21.0, 240.2]","[20.0, 29.8, 238.6]","[21.8, 14.8, 239.8]"
"[8.4, 19.9, 240.2]","[19.5, 29.2, 238.6]","[21.2, 14.2, 239.8]"
"[7.8, 19.9, 240.2]","[18.9, 29.2, 238.9]","[21.2, 14.2, 239.5]"
"[7.8, 19.9, 240.5]","[18.9, 29.2, 238.9]","[21.3, 14.3, 240.0]"
"[7.9, 20.5, 240.7]","[18.9, 29.2, 238.6]","[21.3, 14.8, 240.0]"
"[6.7, 19.9, 240.7]","[18.4, 28.7, 238.9]","[20.7, 14.2, 239.5]"
"[6.7, 19.3, 240.5]","[17.9, 28.8, 239.5]","[20.2, 14.3, 240.2]"
"[6.7, 19.9, 240.0]","[17.8, 28.7, 239.1]","[20.1, 14.2, 239.8]"
"[6.2, 19.3, 240.5]","[16.7, 28.7, 239.1]","[19.6, 13.7, 240.5]"
"[5.6, 19.3, 240.2]","[16.8, 28.3, 240.0]","[19.0, 13.7, 239.8]"
"[5.6, 18.8, 240.9]","[16.7, 28.2, 239.3]","[19.0, 13.7, 240.0]"
"[5.6, 18.8, 240.7]","[16.7, 28.2, 239.1]","[19.0, 13.7, 239.8]"
"[5.6, 18.9, 241.7]","[16.8, 28.2, 239.5]","[19.0, 13.7, 239.5]"
"[5.0, 18.8, 240.7]","[16.2, 28.2, 239.1]","[19.1, 13.2, 240.5]"
"[4.5, 18.2, 240.7]","[15.6, 27.6, 239.3]","[17.9, 13.1, 240.0]"
